binCenter,probDensity
0.025,-0.42030442644061
0.0749999999999999,-0.713342475126905
0.125,-0.365402466454867
0.175,-0.57030442644061
0.225,-0.766432462118848
0.275,-0.737251216071223
0.325,-0.866432462118848
0.375,-1.31437247079089
0.425,-0.82030442644061
0.475,-1.2382812117352
0.525,-1.46437247079089
0.575,-1.03725121607122
0.625,-1.08725121607122
0.675,-1.61437247079089
0.725,-1.26643246211885
0.775,-1.23725121607122
0.825,-1.16231247946292
0.875,-1.81437247079089
0.925,-2.16540246645487
0.975,-1.91437247079089
1.025,-1.56643246211885
1.075,-2.31540246645487
1.125,-1.7633424751269
1.175,-1.9382812117352
1.225,-2.46540246645487
1.275,-1.81643246211885
1.325,-2.26437247079089
1.375,-2.31437247079089
1.425,-2.1882812117352
1.475,-2.41437247079088
1.525,-2.76540246645487
1.575,-2.51437247079089
1.675,-2.43828121173521
1.725,-2.18725121607122
1.775,-3.01540246645487
1.825,-3.06540246645487
1.875,-2.81437247079089
1.925,-2.86437247079089
1.975,-3.21540246645487
2.025,-3.26540246645487
2.075,-3.01437247079088
2.175,-3.41540246645487
2.225,-3.46540246645487
2.275,-3.51540246645487
2.425,-3.66540246645486
2.575,-3.81540246645486
