x_fit,y_fit
0.025,-0.74895480543759
0.0573232323232323,-0.783929876859419
0.0896464646464646,-0.818904948281248
0.121969696969697,-0.853880019703078
0.154292929292929,-0.888855091124907
0.186616161616162,-0.923830162546736
0.218939393939394,-0.958805233968566
0.251262626262626,-0.993780305390395
0.283585858585859,-1.02875537681222
0.315909090909091,-1.06373044823405
0.348232323232323,-1.09870551965588
0.380555555555556,-1.13368059107771
0.412878787878788,-1.16865566249954
0.44520202020202,-1.20363073392137
0.477525252525253,-1.2386058053432
0.509848484848485,-1.27358087676503
0.542171717171717,-1.30855594818686
0.57449494949495,-1.34353101960869
0.606818181818182,-1.37850609103052
0.639141414141414,-1.41348116245235
0.671464646464647,-1.44845623387418
0.703787878787879,-1.48343130529601
0.736111111111111,-1.51840637671783
0.768434343434344,-1.55338144813966
0.800757575757576,-1.58835651956149
0.833080808080808,-1.62333159098332
0.865404040404041,-1.65830666240515
0.897727272727273,-1.69328173382698
0.930050505050505,-1.72825680524881
0.962373737373738,-1.76323187667064
0.99469696969697,-1.79820694809247
1.0270202020202,-1.8331820195143
1.05934343434343,-1.86815709093613
1.09166666666667,-1.90313216235796
1.1239898989899,-1.93810723377979
1.15631313131313,-1.97308230520162
1.18863636363636,-2.00805737662344
1.2209595959596,-2.04303244804527
1.25328282828283,-2.0780075194671
1.28560606060606,-2.11298259088893
1.31792929292929,-2.14795766231076
1.35025252525253,-2.18293273373259
1.38257575757576,-2.21790780515442
1.41489898989899,-2.25288287657625
1.44722222222222,-2.28785794799808
1.47954545454545,-2.32283301941991
1.51186868686869,-2.35780809084174
1.54419191919192,-2.39278316226357
1.57651515151515,-2.4277582336854
1.60883838383838,-2.46273330510723
1.64116161616162,-2.49770837652906
1.67348484848485,-2.53268344795088
1.70580808080808,-2.56765851937271
1.73813131313131,-2.60263359079454
1.77045454545455,-2.63760866221637
1.80277777777778,-2.6725837336382
1.83510101010101,-2.70755880506003
1.86742424242424,-2.74253387648186
1.89974747474747,-2.77750894790369
1.93207070707071,-2.81248401932552
1.96439393939394,-2.84745909074735
1.99671717171717,-2.88243416216918
2.0290404040404,-2.91740923359101
2.06136363636364,-2.95238430501284
2.09368686868687,-2.98735937643467
2.1260101010101,-3.02233444785649
2.15833333333333,-3.05730951927832
2.19065656565657,-3.09228459070015
2.2229797979798,-3.12725966212198
2.25530303030303,-3.16223473354381
2.28762626262626,-3.19720980496564
2.31994949494949,-3.23218487638747
2.35227272727273,-3.2671599478093
2.38459595959596,-3.30213501923113
2.41691919191919,-3.33711009065296
2.44924242424242,-3.37208516207479
2.48156565656566,-3.40706023349662
2.51388888888889,-3.44203530491845
2.54621212121212,-3.47701037634028
2.57853535353535,-3.5119854477621
2.61085858585859,-3.54696051918393
2.64318181818182,-3.58193559060576
2.67550505050505,-3.61691066202759
2.70782828282828,-3.65188573344942
2.74015151515152,-3.68686080487125
2.77247474747475,-3.72183587629308
2.80479797979798,-3.75681094771491
2.83712121212121,-3.79178601913674
2.86944444444444,-3.82676109055857
2.90176767676768,-3.8617361619804
2.93409090909091,-3.89671123340223
2.96641414141414,-3.93168630482406
2.99873737373737,-3.96666137624589
3.03106060606061,-4.00163644766772
3.06338383838384,-4.03661151908955
3.09570707070707,-4.07158659051137
3.1280303030303,-4.1065616619332
3.16035353535354,-4.14153673335503
3.19267676767677,-4.17651180477686
3.225,-4.21148687619869
