year,WUI_n_Human,WUI_n_Natural,WUI_area_Human,WUI_area_Natural,Wildland_n_Human,Wildland_n_Natural,Wildland_area_Human,Wildland_area_Natural
1990,10,3,595.891,222.834,11,18,56.474000000000004,223.752
1991,2,0,8.574,0.0,6,8,32.193,34.454
1992,17,0,546.984,0.0,24,13,125.008,64.189
1993,14,0,591.88,0.0,20,4,92.20700000000001,92.203
1994,25,4,606.912,110.55600000000001,22,11,124.587,375.392
1995,15,1,255.48699999999997,20.858,39,4,238.68200000000002,13.547
1996,39,3,1211.257,274.89300000000003,48,23,462.173,286.6090000000001
1997,23,2,374.947,10.463000000000001,26,7,308.38800000000003,53.122
1998,9,2,164.58399999999997,34.019,23,3,199.09199999999998,19.872
1999,21,11,602.583,1008.0980000000001,26,43,301.439,673.866
2000,21,0,733.7489999999999,0.0,19,4,115.94099999999999,32.414
2001,27,0,424.841,0.0,23,14,125.55799999999999,304.03
2002,29,1,1403.3670000000002,8.666,35,9,304.826,2116.138
2003,27,2,2495.5600000000004,77.491,33,49,165.108,589.261
2004,23,4,483.695,65.941,31,11,288.62100000000004,56.434999999999995
2005,14,1,128.70700000000002,258.074,30,22,160.32299999999995,159.47
2006,11,6,892.4680000000001,420.389,36,51,429.685,923.9159999999999
2007,28,9,1863.177,201.35899999999998,20,19,1274.808,205.11
2008,15,19,760.3159999999998,1785.362,32,100,389.942,2450.575
2009,17,2,826.1970000000001,45.273999999999994,26,20,565.6260000000001,172.96500000000003
2010,10,1,178.00899999999996,2.856,14,14,50.235,119.40099999999998
2011,11,5,106.254,213.902,22,26,121.961,225.88599999999997
2012,16,6,489.15299999999996,437.30800000000005,21,17,211.40699999999998,2031.7819999999997
2013,19,1,1507.6940000000002,1.36,14,9,240.04300000000003,218.27
2014,16,5,649.2460000000001,1000.017,14,9,144.46599999999995,304.50300000000004
2015,16,12,608.9129999999999,643.8550000000001,11,33,79.79500000000002,1098.1539999999998
2016,23,1,1569.0230000000001,17.589,23,7,145.55399999999997,54.645999999999994
2017,35,3,2043.638,199.821,27,42,830.6209999999999,1581.1540000000002
2018,29,1,4811.926000000001,160.192,30,9,362.16599999999994,256.277
2019,10,2,583.083,17.651,17,17,126.31900000000002,199.32799999999997
2020,13,14,234.198,11004.430000000002,28,25,174.60299999999995,688.1359999999999
2021,9,9,4014.8030000000003,3992.887,12,13,43.123999999999995,475.09499999999997
2022,6,0,339.385,0.0,7,6,17.121,86.074
2023,4,2,47.007,77.32,5,14,32.528999999999996,282.08700000000005
2024,17,2,2024.4639999999997,100.14,26,13,164.57199999999997,349.19800000000004
