FireType,Decade,Size_cut,method,n,beta,betaErr,xmax
Urban-edge,1990s,<100 km^2,"TPL MLE on [1, 100]",321,-1.3485141201474677,0.042806657048696635,100.0
Urban-edge,1990s,<1000 km^2,"TPL MLE on [1, 1000]",339,-1.447543672083639,0.029458013431692607,1000.0
Urban-edge,1990s,Full size,OLS power law (unchanged),339,-1.43367891775279,0.0316307987882773,532.179
Urban-edge,2000s,<100 km^2,"TPL MLE on [1, 100]",280,-1.2720907086581783,0.04509174536971131,100.0
Urban-edge,2000s,<1000 km^2,"TPL MLE on [1, 1000]",317,-1.327940762986598,0.029020696039775012,1000.0
Urban-edge,2000s,Full size,OLS power law (unchanged),318,-1.33716191127787,0.0311687155909847,1095.428
Urban-edge,2010s,<100 km^2,"TPL MLE on [1, 100]",251,-1.3185950702867617,0.05262470980335484,100.0
Urban-edge,2010s,<1000 km^2,"TPL MLE on [1, 1000]",297,-1.308888760434338,0.032016270901837784,1000.0
Urban-edge,2010s,Full size,OLS power law (unchanged),300,-1.29635336418324,0.0303793587942114,1660.032
Urban-edge,2020s,<100 km^2,"TPL MLE on [1, 100]",114,-1.1847549592309117,0.07865742161446639,100.0
Urban-edge,2020s,<1000 km^2,"TPL MLE on [1, 1000]",149,-1.1556148734625444,0.04351229599623126,1000.0
Urban-edge,2020s,Full size,OLS power law (unchanged),156,-1.12661411446749,0.0291120314432163,4179.191
Wildland,1990s,<100 km^2,"TPL MLE on [1, 100]",553,-1.6432283217757206,0.03570916885216392,100.0
Wildland,1990s,<1000 km^2,"TPL MLE on [1, 1000]",560,-1.7146013163817346,0.027909108095439672,1000.0
Wildland,1990s,Full size,OLS power law (unchanged),560,-1.75431951640849,0.0396784229705168,244.393
Wildland,2000s,<100 km^2,"TPL MLE on [1, 100]",637,-1.53012191182906,0.033488568816624834,100.0
Wildland,2000s,<1000 km^2,"TPL MLE on [1, 1000]",652,-1.61072014496262,0.026246583130144444,1000.0
Wildland,2000s,Full size,OLS power law (unchanged),653,-1.57960567043925,0.0290174978010272,2027.809
Wildland,2010s,<100 km^2,"TPL MLE on [1, 100]",430,-1.463463609514772,0.03859580175068697,100.0
Wildland,2010s,<1000 km^2,"TPL MLE on [1, 1000]",446,-1.5439556145090307,0.027465358887670804,1000.0
Wildland,2010s,Full size,OLS power law (unchanged),447,-1.51145484772825,0.0346492477843021,1276.831
Wildland,2020s,<100 km^2,"TPL MLE on [1, 100]",244,-1.5334367222278045,0.05726331076526194,100.0
Wildland,2020s,<1000 km^2,"TPL MLE on [1, 1000]",251,-1.6021019994127437,0.04126005333023858,1000.0
Wildland,2020s,Full size,OLS power law (unchanged),251,-1.49893721821061,0.0553112317989796,384.332
