FireType,Decade,Size_cut,method,n,beta,betaErr,R2
Urban-edge,1990s,<100 km^2,"OLS on [1, 100.0]",321,-1.390736679928516,0.04401762353800041,0.9633290940842095
Urban-edge,1990s,<1000 km^2,"OLS on [1, 1000.0]",339,-1.43394693870676,0.03155321769964908,0.9768242572667392
Urban-edge,1990s,Full size,"OLS on [1, ∞]",339,-1.43394693870676,0.03155321769964908,0.9768242572667392
Urban-edge,2000s,<100 km^2,"OLS on [1, 100.0]",280,-1.306066519916011,0.043134215096402376,0.9602021618159386
Urban-edge,2000s,<1000 km^2,"OLS on [1, 1000.0]",317,-1.3323490902892499,0.03253402490270976,0.9693660359225383
Urban-edge,2000s,Full size,"OLS on [1, ∞]",318,-1.3371619112778732,0.031168715590985063,0.9714960774800262
Urban-edge,2010s,<100 km^2,"OLS on [1, 100.0]",251,-1.320998935379115,0.050569948637791746,0.9472493284877
Urban-edge,2010s,<1000 km^2,"OLS on [1, 1000.0]",297,-1.2791841680195968,0.034277902309893755,0.9633379405921935
Urban-edge,2010s,Full size,"OLS on [1, ∞]",300,-1.29635336418324,0.030379358794212323,0.9701638005931729
Urban-edge,2020s,<100 km^2,"OLS on [1, 100.0]",114,-1.1212730622426517,0.06894957880763787,0.8801836086983886
Urban-edge,2020s,<1000 km^2,"OLS on [1, 1000.0]",149,-1.1105857935499333,0.036068604785702,0.9461121521360761
Urban-edge,2020s,Full size,"OLS on [1, ∞]",156,-1.1266141144674913,0.029112031443216686,0.961480010720812
Wildland,1990s,<100 km^2,"OLS on [1, 100.0]",553,-1.748493346354798,0.052096141383877775,0.9681983814986774
Wildland,1990s,<1000 km^2,"OLS on [1, 1000.0]",560,-1.7540972187223505,0.03974855653066659,0.9783967612246224
Wildland,1990s,Full size,"OLS on [1, ∞]",560,-1.7540972187223505,0.03974855653066659,0.9783967612246224
Wildland,2000s,<100 km^2,"OLS on [1, 100.0]",637,-1.5911115610103772,0.04027577135534368,0.9762303721342928
Wildland,2000s,<1000 km^2,"OLS on [1, 1000.0]",652,-1.602467769454305,0.03040897148776809,0.9837052509089163
Wildland,2000s,Full size,"OLS on [1, ∞]",653,-1.5796397915065057,0.029004707644593425,0.9844012121331185
Wildland,2010s,<100 km^2,"OLS on [1, 100.0]",430,-1.5267591112095715,0.05389178599845175,0.9547938698632324
Wildland,2010s,<1000 km^2,"OLS on [1, 1000.0]",446,-1.5237464335870183,0.03680382131172619,0.9733123391594665
Wildland,2010s,Full size,"OLS on [1, ∞]",447,-1.5114548477282501,0.03464924778430331,0.9753952398974757
Wildland,2020s,<100 km^2,"OLS on [1, 100.0]",244,-1.5462650925206805,0.07565268206877071,0.9206616255856851
Wildland,2020s,<1000 km^2,"OLS on [1, 1000.0]",251,-1.498937218210607,0.0553112317989805,0.945905063504488
Wildland,2020s,Full size,"OLS on [1, ∞]",251,-1.498937218210607,0.0553112317989805,0.945905063504488
