Decade,Size_cut,n_WUI,n_Wild,beta_WUI,beta_Wild,delta_beta,CI_2_5,CI_97_5,p,xmax_WUI,xmax_Wild
All fires,Full size,1113,1911,-1.3730125107649724,-1.6315065582151413,0.2584940474501689,0.22102921129933104,0.29899705268941207,0.0,4179.191,2027.809
All fires,<1000 km²,1102,1909,-1.3307094601341225,-1.620767139453043,0.29005767931892046,0.2460511140299976,0.3318751279630125,0.0,1000.0,1000.0
All fires,<100 km²,966,1864,-1.298500955984711,-1.5465583281629534,0.24805737217824242,0.18363922908986952,0.309542281847216,0.0,100.0,100.0
1990s,Full size,339,560,-1.4162706956480287,-1.671010924467489,0.25474022881946023,0.16744487176858927,0.34602891944145003,0.0,532.179,244.393
1990s,<1000 km²,339,560,-1.447543672083639,-1.7146013163817346,0.26705764429809564,0.1869562550747144,0.3495999166062117,0.0,1000.0,1000.0
1990s,<100 km²,321,553,-1.3485141201474677,-1.6432283217757206,0.2947142016282529,0.18234183502814214,0.40242051697121606,0.0,100.0,100.0
2000s,Full size,318,653,-1.328270041805303,-1.620455224085425,0.292185182280122,0.21367371111187192,0.3705578821004017,0.0,1095.428,2027.809
2000s,<1000 km²,317,652,-1.327940762986598,-1.61072014496262,0.28277938197602204,0.20631614599454445,0.35841625829638224,0.0,1000.0,1000.0
2000s,<100 km²,280,637,-1.2720907086581783,-1.53012191182906,0.2580312031708818,0.151595659314831,0.36737427894108393,0.0,100.0,100.0
2010s,Full size,300,447,-1.3213290093638115,-1.545540102170243,0.2242110928064316,0.1452770459398738,0.30225417636493973,0.0,1660.032,1276.831
2010s,<1000 km²,297,446,-1.308888760434338,-1.5439556145090307,0.23506685407469274,0.1503076651479774,0.3207738321704636,0.0,1000.0,1000.0
2010s,<100 km²,251,430,-1.3185950702867617,-1.463463609514772,0.14486853922801024,0.01283755443658663,0.2668154326104845,0.03,100.0,100.0
2020s,Full size,156,251,-1.2003008281248655,-1.5678087907824592,0.36750796265759367,0.25588376793986245,0.4827419484225249,0.0,4179.191,384.332
2020s,<1000 km²,149,251,-1.1556148734625444,-1.6021019994127437,0.44648712595019924,0.3331079561498415,0.5546619265766599,0.0,1000.0,1000.0
2020s,<100 km²,114,244,-1.1847549592309117,-1.5334367222278045,0.3486817629968928,0.170559803427297,0.5396974969567943,0.0,100.0,100.0
