Decade,Size_cut,PL_delta_CI,PL_p,TPL_delta,TPL_CI_2_5,TPL_CI_97_5,TPL_p,TPL_delta_CI,TPL_sig
All fires,Full size,"0.33 [0.23, 0.39]",p < 0.01,0.2584940474501689,0.2113952557539416,0.304672580318272,0.0,"0.26 [0.21, 0.30]",p < 0.01
All fires,<1000 km²,"0.30 [0.22, 0.39]",p < 0.01,0.2935736269775653,0.2356541602868746,0.3326044645745752,0.0,"0.29 [0.24, 0.33]",p < 0.01
All fires,<100 km²,"0.22 [0.08, 0.38]",p < 0.01,0.2457610751274617,0.1840558319799616,0.31156349358701,0.0,"0.25 [0.18, 0.31]",p < 0.01
1990s,Full size,"0.32 [0.19, 0.40]",p < 0.01,0.2547402288194602,0.1558661861790023,0.3445518886486935,0.0,"0.25 [0.16, 0.34]",p < 0.01
1990s,<1000 km²,"0.32 [0.19, 0.41]",p < 0.01,0.2547402288194602,0.1604424459273134,0.3314391899292098,0.0,"0.25 [0.16, 0.33]",p < 0.01
1990s,<100 km²,"0.36 [0.17, 0.46]",p < 0.01,0.2910681329651203,0.1807841884675189,0.4026397492262647,0.0,"0.29 [0.18, 0.40]",p < 0.01
2000s,Full size,"0.24 [0.17, 0.38]",p < 0.01,0.292185182280122,0.203845095814132,0.3678557798964013,0.0,"0.29 [0.20, 0.37]",p < 0.01
2000s,<1000 km²,"0.27 [0.19, 0.39]",p < 0.01,0.3083557057753634,0.1994609033803542,0.3788042119002955,0.0,"0.31 [0.20, 0.38]",p < 0.01
2000s,<100 km²,"0.28 [0.15, 0.43]",p < 0.01,0.2492038084603347,0.1348256837547446,0.3618124427392707,0.0,"0.25 [0.13, 0.36]",p < 0.01
2010s,Full size,"0.22 [0.13, 0.32]",p < 0.01,0.2242110928064316,0.1363086428775513,0.3100195543152305,0.0,"0.22 [0.14, 0.31]",p < 0.01
2010s,<1000 km²,"0.24 [0.14, 0.34]",p < 0.01,0.221900094795888,0.1281076081786148,0.3222583354603969,0.0,"0.22 [0.13, 0.32]",p < 0.01
2010s,<100 km²,"0.21 [0.05, 0.35]",p < 0.01,0.1420299594072993,0.0164760026339536,0.2819730054768569,0.014,"0.14 [0.02, 0.28]",p = 0.01
2020s,Full size,"0.37 [0.22, 0.44]",p < 0.01,0.3675079626575936,0.2586192977519381,0.4928244312705312,0.0,"0.37 [0.26, 0.49]",p < 0.01
2020s,<1000 km²,"0.39 [0.21, 0.44]",p < 0.01,0.4213563770671957,0.2941747473046295,0.5628326111251278,0.0,"0.42 [0.29, 0.56]",p < 0.01
2020s,<100 km²,"0.42 [0.18, 0.53]",p < 0.01,0.3549194260059021,0.1595326932504397,0.5373251439505555,0.0,"0.35 [0.16, 0.54]",p < 0.01
