Wildfire,Data source,Fire count,Burned area,OLS_alpha,OLS_beta,OLS_betaErr,OLS_Sig,OLS_R2,MLE_xmin,MLE_beta,MLE_betaErr
WUI,CalFire,1113,71147,0.46,-1.43,0.02,p < 0.01,0.99,1.00,-1.44,0.01
WUI,WUI-ignited,69,11271,0.24,-1.07,0.03,p < 0.01,0.96,1.25,-1.36,0.04
WUI,WUI-spread,313,40614,0.16,-1.11,0.04,p < 0.01,0.93,1.06,-1.31,0.02
WUI,Human caused,621,34178,0.42,-1.40,0.02,p < 0.01,0.99,1.00,-1.46,0.02
WUI,Natural caused,134,22414,0.16,-1.05,0.03,p < 0.01,0.95,1.04,-1.29,0.02
WUI,Santa Ana wind,109,8492,0.21,-1.10,0.04,p < 0.01,0.94,1.04,-1.34,0.03
WUI,non-Santa Ana Wind,454,12172,0.43,-1.41,0.03,p < 0.01,0.98,1.00,-1.52,0.02
WUI,MTBS,731,69346,1.13,-1.52,0.03,p < 0.01,0.98,4.05,-1.54,0.02
WUI,Atlas,1041,49324,0.30,-1.35,0.02,p < 0.01,0.98,0.21,-1.30,0.01
WUI,FIRED,1186,53631,0.27,-1.39,0.02,p < 0.01,0.98,0.21,-1.39,0.01
Wildland,CalFire,1911,29327,0.75,-1.70,0.02,p < 0.01,0.99,1.00,-1.66,0.02
Wildland,Wildland-matched,532,17153,0.34,-1.32,0.05,p < 0.01,0.94,1.00,-1.42,0.02
Wildland,Human caused,801,8505,0.71,-1.71,0.03,p < 0.01,0.99,1.00,-1.76,0.03
Wildland,Natural caused,687,16817,0.53,-1.50,0.03,p < 0.01,0.98,1.00,-1.53,0.02
Wildland,Santa Ana wind,29,395,0.47,-1.10,0.06,p < 0.01,0.95,1.09,-1.75,0.14
Wildland,non-Santa Ana Wind,538,5633,0.67,-1.71,0.04,p < 0.01,0.97,1.00,-1.78,0.03
Wildland,MTBS,979,28481,2.42,-1.80,0.03,p < 0.01,0.99,4.06,-1.87,0.03
Wildland,Atlas,6759,30729,0.47,-1.90,0.03,p < 0.01,0.99,0.21,-1.66,0.01
Wildland,FIRED,10519,28372,0.29,-1.93,0.03,p < 0.01,0.99,0.21,-2.10,0.01
