ndviM,elevation,slope,vs,vd,ppt,tmean,vpdmax,tmin,tmax,ignition,FFMC,DMC,DC
,829.4507036728289,10.387459943358301,2.5,268.6,479.7706247621,29.967251658439636,61.2481564283371,20.26999992132187,39.66565620899201,0.0,96.79881998175608,226.5613955314432,671.1220281936147
,1318.6778522825193,21.217262155434923,1.8249999583,77.0,465.7069992858,24.781001091003414,36.29566669464111,17.215416590372723,32.34750016530355,0.0,95.97679382764669,354.97537204436196,678.7281037511102
,1495.3438573964274,10.945474359939103,2.900204222,225.0085136128,289.5720884878,23.69540678802575,40.70348747391672,14.511598968352452,32.88060631124348,,95.28119244190276,113.58311163827801,614.0003708236201
,1113.8909860772212,21.460261013925084,2.3353603692,250.1031131434,463.763803496,21.98816742759963,38.44287235541621,12.095771217644783,31.881262634845218,1.0,97.57140260932553,512.9283588356758,993.7564978897722
,488.48084174674614,19.127107008572057,2.7033375609,256.8498119431,781.5017202011,32.96794047003354,67.76772175131158,24.29608541211806,41.640730852079656,0.0,97.12075543313009,191.50978056025548,636.504883603264
,228.72795625427204,14.801134968539335,,,,,,,,1.0,,,
,1709.3821656050955,18.86032314559541,5.5646616608,227.0,454.4978644697,15.469564956129783,22.945086802423944,7.417964003412284,23.521992434836463,1.0,94.95455751512863,122.49924775180588,232.43541676331014
,630.3720200752823,4.336039949035555,2.7179671488,14.2576982779,458.5494281352,29.8828985586946,60.52596149038004,20.079269829422103,39.68712734747596,1.0,97.51137886093444,222.87938199576786,708.6270166309228
,570.7327014948374,18.59200400766663,1.6333333651,200.3333333333,272.8190002184,21.7550009727478,28.70164976119995,14.93885006904602,28.572000217437743,,96.04732936178398,566.5100621148149,1272.7219142188626
,172.57704696385255,12.832156946681653,5.4719196946,299.0,191.4554492324,19.047915675264647,23.417578432579624,13.355182700962349,24.74177446898321,1.0,92.27981722794479,154.49861013230372,796.8779401857521
,717.6727982492458,24.055186948437733,1.7073847868,188.9898302771,281.7066393405,21.584189616877637,32.12356888202797,13.572903049929268,29.59657293245893,,95.97804524004371,582.0391706651466,1279.2188454183395
,520.9011852443734,21.357977788409677,1.6096190269,148.0,260.8163217485,10.675863442173128,10.650473533340268,5.114805710715826,16.237771553465375,,88.16429682896197,106.69567410949327,254.47308790572492
,917.8369771863116,14.375651299646561,2.0467030793,318.4752763735,624.8204932822,21.357793676582762,49.93602539992768,6.80532954522983,35.911401997309554,1.0,97.89052846085943,244.4583830482835,1131.1105122828042
,686.8253138075314,17.68174705923518,4.4964890608,28.9234454104,442.3933014182,11.271928831155716,14.090552201862517,5.270696128830562,17.27367967550323,1.0,93.16715828290597,10.302970884192604,430.79073755366477
,1085.961249015547,9.742097601665362,3.5,237.3125,953.5905013671,26.073179926191056,47.66464274270194,17.161357181412832,34.98610694067819,1.0,97.36201000127923,296.67196615262634,816.2500574855158
,702.6847482609969,16.728361607989463,2.3800000668,336.6,624.1796689241,29.503751436869305,56.046666463216155,20.15433327356974,38.85424963633219,1.0,96.42968838323304,228.07907652423205,837.4565806543683
,578.6877358665948,19.165771856556372,4.8000000318,323.0,573.1571206613,25.970819479319,49.65976508471664,15.538874145126222,36.40374345769951,1.0,96.60682235624213,149.40593568274429,777.8607939901143
,46.48067446258758,2.326899350440476,6.4929476231,339.1319134073,612.4970977043,23.32328731689826,34.46506122152287,15.041507475948084,31.606086541956245,1.0,95.93149122822632,541.7018732882619,1347.5879690252327
,517.2519174821476,22.790199075779945,3.3935853937,328.0,666.8295319888,23.69066016595575,44.185103571518006,12.960281019950054,34.422431801887754,1.0,97.99163813122433,247.17580789096223,959.3109439014298
,676.568830533355,18.93024905189529,1.2000000477,203.0,627.4991750372,30.48068445144718,50.36116355730732,23.48595907954496,37.47629598263762,1.0,96.72684901821466,242.71476387082856,921.8749538330295
,515.6599152143193,15.578937382912557,,,,,,,,,,,
,274.1902640080205,18.464959515818272,4.1597269485,335.9279348926,1226.3634369236,20.262585213863495,36.78869821458609,9.217765896026012,31.30822467288536,,97.73674254960623,450.71288715392836,1068.4659399876446
,1009.508834623784,6.986594811871764,2.5768730706,240.0888930852,356.9426447368,20.343410088849115,42.596765685848695,7.453678979465322,33.234322448421665,1.0,96.6947835246579,195.7485337056923,929.0894877688813
,274.8703108252947,12.544765800282375,3.2857234178,41.0,794.0040070008,24.799329778606214,37.127272390439565,16.1964500193101,33.40338179472273,1.0,93.93257668841227,78.07033839121809,458.8461844078979
,229.78735362997662,17.67668646592865,3.9123535282,164.1235344466,821.5859983003,26.232251167297363,48.05150032043457,16.849250316619873,35.616000175476074,,97.44078430315531,527.4130836234687,1225.4782076947995
,1094.4193633952254,7.385014627988522,4.6170931558,250.170932675,322.1635893214,17.03609940648613,30.143225700887335,5.596990097165368,28.47670309901017,1.0,93.63215697039726,73.17798231026168,481.22201775351914
,518.5591397849462,10.140848538231465,,,,,,,,,,,
,187.13333333333333,8.141517213128862,2.3314700884,314.852990891,394.4990008678,21.625751018524166,31.406749725341797,13.047000169754028,30.20549964904785,1.0,94.6065721786229,431.6910214174564,1281.2692517171172
,82.76716417910448,4.93909410624616,2.8998387867,177.2880433519,631.880814106,27.38058291073887,46.622395587124174,17.786900441474774,36.97501307357738,1.0,94.42164523994711,142.67905806030933,587.676510450949
,502.02313354363827,19.014197504514147,2.5999999046,302.0,829.2518461307,23.775682321210944,41.6104651554553,12.442892215369604,35.109702331637145,,96.27059803301842,188.80218500237706,615.7103736876264
,506.42213780115594,16.33949917850382,2.9000000159,283.0,933.8198921601,21.38133353037899,37.01061497090116,11.537312949816165,31.226097495667226,,96.00291101245045,467.1869955128197,897.0863579074132
,197.92724351618085,7.8208668494282,,,,,,,,,,,
,642.3003766478342,13.136232476880245,7.7100194352,327.0,1843.1752429134,14.075433496876691,12.541321205829414,7.71510577837213,20.436792003044296,,86.6998918338199,12.469689075056158,31.436930582116034
,913.9288907437578,21.343026479179965,2.944444418,63.1111111111,1071.3716247931,20.190594494342804,30.338031351566315,13.804312497377396,26.5779687166214,1.0,96.9481596479728,655.8564040771578,1314.8179500770543
,92.97022587268994,3.457602669081404,10.0,331.0,578.8205540419,14.98374022203135,7.198037807145892,10.596000268546195,19.37217300688073,,89.51029713418882,153.08549363978074,517.2177390747074
,790.9742299668673,25.83372676896967,1.8999999762,292.0,633.5003123473,25.746997053003533,49.26474825839889,15.35596868546002,36.13902342511855,1.0,97.2557339849173,503.06444359148225,812.8683575815803
,407.00772307267965,18.814529536206415,,,,,,,,,,,
,264.7596006144393,4.862700412116842,2.5410093684,335.0,356.377182878,25.530708124923166,49.97161262305451,15.0884564334117,35.97416784819062,1.0,97.08646197910407,270.689741534962,585.1812715506309
,703.8932353576831,10.494047536682768,3.6954420006,167.0,613.4390217018,26.463810240723117,46.45686802654705,16.587597565499447,36.340419580748815,1.0,96.76721541735509,463.4449405830078,848.657632421181
,550.6594086637634,13.193527312254703,3.2000000477,327.0,507.0146719832,27.62557143615937,53.4358944364346,17.189529209971422,38.06240322399717,1.0,97.26268869343573,378.97171023281885,661.8106048001031
,656.8313686967911,10.1409505268543,4.012903102,168.7419377144,730.3399963677,24.69750165939331,41.93324947357178,15.379000186920166,34.017499923706055,1.0,96.06640614708107,457.4356590147193,811.133752205239
,1304.211189516129,5.116489669938964,2.7999999523,260.0,391.3596550999,20.0750132970084,41.69760698253359,8.645061288158072,31.505463186408385,,97.62659321203927,301.9753162744894,884.0823331326486
,428.65318518261716,15.32955292246164,3.6909090822,287.5454545455,491.0678901582,23.86225112279256,39.0864446428087,14.694472233454386,33.030972162882485,1.0,95.12879344767524,472.1533027929379,899.1636974952428
,1766.3025400665258,17.891861441382694,5.2803246268,229.115408887,258.6995937153,22.71896154150365,39.56700971201564,13.98494844605331,31.454083550354632,1.0,97.87398332746596,300.1545697724665,683.7153843251529
,145.62991069431814,14.476258311478386,8.1333335241,324.0,1536.2453339751,18.916500886281334,20.742750167846683,12.228416760762531,25.605250040690105,,91.69558104429174,329.37657760001963,972.173117328015
,642.4284939125716,15.820030145727896,3.3999999762,332.5,1869.9500192466,20.774770755862146,32.682955386059966,12.887830722172273,28.663174914754237,,97.12461642975182,471.3219242129693,1067.084332718244
,638.7041360060898,18.42646282521095,5.449695926,310.0,2186.02699396,19.21925115585327,17.275749921798706,12.306250095367432,26.13349962234497,,90.13376565952542,91.82331216159061,299.4388517808159
,568.02337369755,17.33590334920741,1.9563908416,254.1427856143,1111.5060063871,28.806001663208008,54.83600044250488,18.982750177383423,38.630249977111816,1.0,96.31762578428675,454.4011503983235,888.6063378654881
,924.6099121549663,18.226059552933823,4.3052631679,322.2631578947,1345.0449075733,28.322444503957577,52.90365901860324,20.10690905831077,36.538977276195176,1.0,96.94505906575179,369.0518434806754,709.3957047084243
,1670.2673314452986,15.183670012994613,2.4750000387,137.0,1250.9789247027,25.31966199193682,37.40158901895796,18.257035766329086,32.38323211669922,0.0,94.97338358594125,243.3236874312045,632.2678125400882
,682.5145548771242,20.302136712162685,1.9199999809,19.2,1016.5378375108,22.180251121520996,34.2000416914622,12.843749960263567,31.517833312352494,1.0,95.68903107329052,152.6698697611665,1202.4975251106032
,583.2913260219342,26.662921291324697,5.8957152984,349.4407170606,1280.7135909424,15.087799953513112,19.902739349206712,6.991899809888912,23.184218862151777,1.0,92.91306317454283,552.7755400245071,1142.0159866261913
,782.7665118923529,10.545689118519322,1.7118615411,178.0,689.0480634342,30.55441526109722,59.00464834115588,21.229967751038156,39.87966977130824,,96.3304146502812,300.1602429120089,729.3938114946352
,314.8465158083959,9.59419166240075,2.6499999762,338.0,695.2294627826,31.67649184083865,65.14944443005575,22.487683259937594,40.8657232139135,0.0,97.12891597723616,379.73907027128394,848.0977690323323
,383.3889510571883,19.009681173278445,,,,,,,,,,,
,427.7224448897796,16.32918260398563,5.9675108501,279.0,1219.2761290598,24.15335639607148,40.41728976089163,14.64658115433165,33.661515159527056,,95.61358205256144,401.29943089716545,668.4490244702965
,422.0177304964539,19.553595625295173,2.7999999523,2.0,3348.9470268211,17.034682368980956,26.42218618382829,7.719983559797364,26.350594452626463,1.0,92.87904152901615,49.2203794295023,406.4231491610054
,501.4894792773645,10.51585213762414,,,,,,,,,,,
,689.1624919717406,20.320085565660655,2.3198098646,324.0,490.0209980435,24.889501094818115,40.43350028991699,15.76574993133545,34.01449966430664,,97.11486657252877,320.98666202368025,740.4980408415289
,334.78835459600924,16.76833131842103,,,,,,,,,,,
,419.62228525839913,13.362500230034515,4.9005894264,38.0235732625,255.604838392,16.61291404811908,17.89903842279875,9.038962501517602,24.18784558133696,1.0,93.59752203333008,722.5954101709334,1669.296570754542
,402.1508374746917,5.49024241066442,2.4122820301,309.0,225.890840947,18.3039966477871,18.93305350116492,11.079197550813142,25.52998345192654,,93.03885711933485,328.9788327573315,835.774274584944
,844.1913081458833,8.07929795748101,3.8408263665,203.8751451827,341.5298408022,19.319415179038195,31.62374422220854,8.361995639160218,30.27708557006142,,96.24922504267252,269.6495947755713,641.0478542785618
,306.44503247534277,17.866336803066922,4.3708971083,300.0,409.2801016366,20.35343560514018,27.32249867455328,11.218915200292088,29.488231304666645,,93.62957270548534,390.3171389640028,828.4336501007726
,521.3932692597391,7.59483938645948,6.4724496302,346.5789318804,1412.547352205,23.28056170627871,36.72462574902082,14.912631743859446,31.649529941468195,1.0,97.0953238693989,126.11106109242857,924.2348201528957
,601.3801600329731,16.5088550967805,3.3545454632,344.8181818182,484.9457491869,25.700042923291523,43.60387508074442,16.513229231039684,34.88770850499471,1.0,96.42436678497131,608.5922357143415,1164.0797214970146
,223.77545515846256,19.509851043761294,2.7070771137,267.0707707273,308.8520014179,26.104501247406002,35.20975065231323,18.05725049972534,34.15250015258789,1.0,94.96176607508238,897.63307389939,1567.3431297475531
,750.3078404445076,18.7996005086459,3.25,302.0,3303.5642446698,18.458125591278076,21.26731252670288,10.254312574863434,26.66281235218048,,88.12569913003021,69.06175174476516,776.9386157176076
,549.5724739904779,3.635061854863478,2.6774436852,32.7987563233,1591.6619273606,24.6385925081682,38.95186732383085,15.89823278396151,33.3798445560944,1.0,95.16113258870746,299.6424220532926,489.42324493841534
,579.4860832137733,18.455601203321898,3.6268735803,304.0,2205.6849885825,18.86575078964233,21.921499967575073,10.220250129699709,27.51200008392334,,93.06506657347376,129.39904067595126,1122.878351704091
,1246.7786045517566,23.801577912252004,2.2437499687,319.4375,1929.6312747175,21.418940642784374,29.87924993449244,12.113732765460837,30.72508614638756,0.0,95.04493544885881,127.50331442276854,801.4458258298492
,866.1012528042122,23.057166337807864,2.4599999905,236.2,1245.1954498268,22.626001071929934,30.677624917030336,16.520900070667267,28.731925010681152,0.0,94.56084002832486,546.0963369680838,1035.7782539247287
,230.70954557351965,6.439972158058206,7.9999999319,38.2857142857,1048.3720016067,22.604351139068605,40.25095014572143,13.603050041198731,31.60679979324341,1.0,96.83099045790162,243.87699397250648,1510.004880274676
,731.687379610473,12.867055606392146,6.8726042078,3.6894850009,1388.09160046,21.101650905609134,37.40914955139161,11.953999948501588,30.2502498626709,1.0,98.16890458987378,733.2583932811394,1364.3616294900748
,668.0271497883762,24.350469343610616,2.1153688434,267.5010204738,1759.0381481561,27.16057429348246,49.131393974105734,18.14511012498116,36.17729931433695,0.0,95.62181456800988,540.6050596436994,1034.9115832267985
,1068.5294635391454,13.903651555593452,2.8510057184,203.6239355228,867.2678337092,23.079465025537274,40.282337426811786,13.271584731120681,32.88836885579391,1.0,95.72784362496257,423.3176963634056,925.8190811582301
,222.7917233868772,3.764629054624915,5.4751886797,328.0,891.5041063159,26.245725930989813,45.95744206721266,17.2405153648391,35.25203821583236,1.0,96.67301888684057,723.0178995071333,1384.962779140155
,729.0285394033455,21.500306460621605,2.1254444156,277.7114496017,1888.6900327249,26.57532576370961,46.86626574358677,17.736902105410003,35.41487267325515,0.0,95.55397290227407,497.37200937876725,1017.8269101319903
,743.4161092026758,14.473317308664924,3.6023479368,293.0,810.0143249691,23.441222867285298,41.85335385526075,12.03932841047008,34.84420934892228,1.0,95.2824055587872,281.67931564285317,548.2897423601848
,447.752688172043,12.606361134323844,4.2640472704,25.0,958.9415786176,13.870343804317802,10.58105385650414,8.50424279461028,19.237272717627494,1.0,70.22546859624691,112.74118658456963,913.9790109734225
,456.3885057471264,17.881592411767265,2.8781374324,182.0,1065.6203323317,26.885243210165655,45.58104217031317,18.900582915176535,34.87096922360171,0.0,94.78672795251188,153.63407709860377,968.0177084393297
,113.18016272762495,1.964316136953167,2.6990819644,169.907915107,577.1163155081,27.038564169901793,50.89150018784751,17.56928031316075,36.50937155592311,0.0,96.49435241285613,171.71413235911385,1027.73600540053
,529.4566515404824,15.099150333152286,2.7880354114,147.0,1109.7036504131,26.458368262717407,49.83646181876032,16.420458351398924,36.497402187566045,0.0,94.52513086709693,388.5534161956481,963.3853226434978
,408.444663544491,14.395617847889847,4.8459345131,317.0,433.6939993962,27.231001377105713,41.486749649047844,19.244750022888184,35.2182502746582,,97.14653828060602,612.7370226765024,1152.4259167499922
,758.4921555252388,5.258157956669308,1.6695604247,230.0,848.1198664988,24.14674068137968,41.22842816043446,14.961850473384539,33.332167112375444,0.0,96.38127747235308,324.28407438617126,1175.638534081026
,180.81368821292776,5.63770336551056,2.7999999523,156.0,809.7194772396,24.8751436728331,45.26584515978719,14.63935692304237,35.11157456911223,0.0,95.7670048630929,529.389027037991,1085.924590223402
,1476.3403347904894,21.237916688414305,3.0666667024,230.0,1424.8641994596,21.66136779785156,38.45736665725708,13.18430002530416,30.139133580525716,1.0,96.79344488612516,405.63154898054614,767.8774596058527
,640.8450806524831,21.457028046113702,4.4674761285,321.9888046139,1182.8860044742,19.58112597465515,24.024374961853027,13.726374983787537,25.436999797821045,1.0,94.60515435977231,254.82717843092883,593.4759818506818
,369.04759156492787,7.828217226520892,3.6138863062,331.5964269222,1089.7688691209,9.967890601243354,7.572795718092114,4.706406260494374,15.229996365452978,1.0,70.62831205898826,5.16117206468763,409.8418033764423
,539.0505989458553,12.12357478277159,3.9453202626,42.0,1393.8853185128,27.783256415736105,46.38737275478995,20.320135496098583,35.24732063521552,1.0,96.56187589271997,137.36068355476314,1011.3156017067081
,1324.9560076508435,18.406927087445442,3.6252054657,329.2438342498,1714.3452688276,18.991759638665588,32.08758241512142,9.7262456922999,28.258089430576405,1.0,95.55083737838768,144.44986611450923,1025.7608809508456
,900.8549556809025,20.62836380749981,2.9461301863,292.0,814.20326555,25.8070654462842,37.95251868529441,18.686480421705376,32.9286470822282,1.0,95.90492437711094,356.12114415545386,826.9578864042804
,43.638588912886966,2.133231211880113,6.2402555373,353.0,711.6511347142,20.337134323437866,23.33513261861617,14.017072210852419,26.657770224243087,1.0,92.21819045669862,87.37491924846361,361.0513904322285
,305.3450549450549,13.22125067014943,3.2000000477,334.0,1590.739980424,27.444775442516328,47.778270127894395,19.42865279441604,35.46155594927589,1.0,96.51235322361248,372.06801825144504,897.3717651401167
0.6195759943,1262.8108403645906,20.881614714383232,2.0,175.0,781.0622846862,21.48457227434431,31.07846413339888,14.483357088906423,28.486892904554093,1.0,95.69207932647392,293.8703400622775,811.6778483862597
0.6963657915,974.8995234166225,22.821729526782715,3.3333332539,311.0,861.5310020027,21.932167530059814,31.242749849955246,14.331666628519693,29.533833344777424,,96.39338923743163,777.4395899266271,1118.429799197877
0.647738254,743.287577866189,14.404728751032792,4.2000000477,316.0,688.7494983805,24.998251199722294,48.074124813079834,15.036625027656555,34.96037578582764,1.0,98.05329663003096,712.6772346045859,983.2153106860135
0.7258905303,530.9359105891598,16.142753792414485,5.0333334605,36.0,954.574496962,25.49200129508972,39.929500102996826,18.045249938964844,32.939375162124634,1.0,96.59102625471283,502.3704646916216,1164.4612375534844
0.7251425129,563.205809578687,17.03577145240236,3.3873878644,195.3682973813,612.1689994512,27.237626314163208,54.35262584686279,16.904624938964844,37.57162523269653,1.0,97.27969188481812,531.6625797491653,1031.5445735989288
0.7253672842,1314.4398159979555,17.078624491845844,4.0498063412,221.8858667546,767.5934080109,26.824515677365028,51.867881944598786,17.767915676771434,35.88198704101644,1.0,96.97481207244013,274.00863635298896,876.8967258273433
0.7476397959,581.7396123638206,25.58494137248677,2.8292781207,176.0,730.7261707682,24.723959774228412,46.794015253059584,14.816534268117813,34.63229691164915,1.0,97.91757379265744,447.4332094396081,1005.41517160927
0.6123409682,1706.2432626661875,8.154842824791132,2.9250734529,184.1390330278,1134.1223899404,23.09276802738361,34.12629107738155,16.682042721088774,29.50424676366457,1.0,96.19908934840323,295.5437342652358,795.6355249844821
0.6328770408,820.3281136575755,13.542521675719298,4.5137357086,324.014307663,670.7825276483,22.66704293199675,42.47826230080174,11.195637594565564,34.139671227919784,1.0,96.33897559750913,356.6880355489547,913.527212012287
0.7710206349,632.0066555740433,21.508278622758414,5.4839409646,44.7662669666,986.253549916,16.40148469210822,20.093776271126604,10.093029628427308,22.710794222275076,1.0,95.05634813880914,158.21516165367316,1163.9261690567853
0.7836546218,967.7771360876648,18.993357352481038,2.5999999046,288.0,614.9812134396,21.716186855066017,40.3254528009015,9.546608460536467,33.88701348113781,1.0,96.2824898832873,379.7927900701728,926.1972468422214
0.6375371429,664.0120549481356,25.499925204960277,2.1853155664,177.2585102405,906.3784642202,24.846455387597416,44.315921032526624,15.231264509252528,34.46263696462955,1.0,95.74359999262143,240.11887727427526,686.9387127334853
0.7746974074,520.69,16.695418420754677,3.9220628292,316.857898449,837.0455451579,25.314139396739403,38.91076241506828,18.031718501195783,32.59720341072665,1.0,95.93018640293364,599.037915660414,1168.9805157045132
0.7135965432,1454.9611698941906,13.3071335716462,3.5340023292,156.9883055451,1358.9361615718,6.255750310402542,3.908598260367859,2.563390041646103,9.94930561851016,1.0,46.78056572975622,8.70184914842593,126.50177964709773
0.5535772727,366.43686839354166,22.672226822975826,7.0986732342,347.9734665663,563.1114730129,16.38270337059085,18.37244681517187,8.976205863590074,23.79026713989648,1.0,92.30562951592796,825.9864368981349,1435.3025045907978
0.7318351779,731.7288393309681,27.289276049273667,6.319545025,36.0,1215.951439356,16.649820158600605,29.05987434693884,5.876885058460768,27.423721572048656,1.0,93.5661619856408,138.0239036383071,339.9781229169063
0.6770125926,942.7464318250835,14.415636205923004,5.6309660164,226.1322689861,1011.1379892845,26.535751342773438,50.078749656677246,17.279749631881714,35.792500495910645,1.0,96.75945031011065,419.1460824861998,956.3479301949834
0.4498880952,166.82894128525197,7.342329765807354,9.2200151634,349.0,537.3740795451,17.95611332595698,20.507739822856923,11.255509059106782,24.658037923595735,1.0,93.93214205870265,872.0646768846726,1489.9406755914026
0.8049345833,645.7040485258851,26.980552905898016,3.0289015471,281.0,1298.3311905871,20.21077785590964,34.04306894286439,11.008641163747733,30.376514285260143,1.0,96.3836555868717,85.1572626960902,942.2822815989616
0.5600690476,858.98284045272,28.667659785417623,1.8847183489,130.0,839.8470685993,23.004302780630265,41.98958302478472,13.4413040679749,32.56879347901081,1.0,96.72367626210325,296.5624354722754,465.2730686862685
0.7350194444,350.98735891647857,14.89550612881006,5.6242325995,233.8158384472,1624.7989959446,27.313882435322554,62.84723304049982,14.85416619289795,39.774971320020335,1.0,96.50464329635764,290.9056721946192,439.92001632308563
0.6320903704,2126.723404255319,14.470516902397009,6.0062072692,258.0,589.6613210452,0.516755186766217,3.245258140911065,-3.656935273181593,4.691670235203756,1.0,64.19545267203013,6.996064816096232,508.73614751612035
0.7191459928,1531.587015487825,18.26703999242339,2.1499999762,277.0,889.7855984745,18.28215084075928,27.712899971008294,10.146550035476684,26.418550300598145,1.0,95.40743508592836,126.90871402202893,1283.6119524283615
0.7239575299,795.8026005384254,22.740481897673288,3.5333333015,154.0,1261.3196743189,27.42933464050293,56.09741624196369,17.56066695849101,37.298666636149086,,97.61866039485955,365.01454212179567,855.9568878912937
0.6831697811,618.5736402935559,16.551347142863378,6.2666667302,339.3333333333,1172.1494968999,22.121250867843628,29.769875526428223,15.065000057220457,29.1780002117157,1.0,96.84311070004125,557.429329526573,1110.1228091430803
0.5939936416,355.3004228222967,12.5246958114474,2.7666666508,174.0,1333.4858854827,29.34237375373293,65.1635680559711,18.952410461508602,39.73319172613856,1.0,96.89171393396698,390.33612475110783,930.6934512570438
0.7050199222,1718.9117291133348,16.831652977817107,3.25,61.0,900.1597465982,12.173875451087952,16.39062511920929,6.74374994635582,17.605062305927277,1.0,95.02868974189158,150.18703799573427,1249.9464906768685
0.8124741977,677.3292805159716,17.689787024538017,3.7663002001,358.0,1317.6049967973,27.355876207351685,58.74837493896484,15.643125057220457,39.07000017166138,1.0,97.72295058262829,363.733134127893,715.680966361053
0.7389538889,619.453809971778,25.472038655262,2.0999999046,193.0,988.8794942873,22.368828781607753,38.10704904810148,13.400750016892397,31.33791341239642,1.0,96.0027013694371,537.5761152560482,1008.1811473946555
0.5866464286,532.6177263969172,9.666252621784375,3.5494295329,283.0,457.1018354098,27.06423658435586,52.76025593639336,17.369980502507076,36.75899039379063,,98.3027167424683,744.0728650947127,1323.598703880439
0.6366701613,693.8677749855017,5.653450134432272,2.8108538939,175.9059070595,929.6914877832,26.332473272066046,49.29461021219804,16.921784107504614,35.74450809596051,1.0,96.64898527813332,449.5778679059349,807.0639637788224
0.8352448421,795.9287958352709,29.480800114826994,2.9666666985,36.0,2215.3565010464,29.77668857574463,54.113375425338745,20.75381231307983,38.80056262016296,0.0,95.34813220284829,230.85690347322466,605.4031318010891
0.6286242601,798.235228038643,20.33516523368879,2.3688358152,272.6192575737,1637.9019750527,27.006426905685966,52.821741073619805,16.56328678620697,37.45034150162851,,97.27405176891752,329.51617931199394,710.4863571661202
0.4337649812,1093.655002034529,4.934566135821368,1.8763346969,262.2877220632,1273.7296652774,3.262444117559627,9.7487987918196,-4.708576245118558,11.233776832946884,1.0,83.18219332647121,15.473353840978348,25.087477331400038
0.7887838442,1917.944630591389,17.812693401854087,6.938836803,24.1784258312,2800.5377241783,9.876505951067475,16.843447453771933,2.284964598729643,17.468990653369357,1.0,92.21869137225715,133.11815486933978,873.1023869765198
0.7734638889,801.075079149706,13.323631932405474,3.882105908,167.4315329448,2021.2326486169,23.28903160607004,37.628182455433745,14.77612059316334,31.803109906307814,1.0,95.82463891308336,491.7807741512329,904.3109483432725
0.741775,233.03228825456247,21.010477934295906,6.6309289558,41.7460547399,1286.2679109558,21.311128481072323,32.257604416743334,12.437344852223015,30.18539306015007,1.0,94.98501692809776,649.3954528061857,1214.490750855065
0.6962033333,610.5826932923707,15.72024957787606,2.37293389,241.0,1560.3919965549,25.614001274108887,46.44300079345703,15.84149980545044,35.387999534606934,1.0,95.01333560532186,314.9274613292092,624.1165047022215
0.5650512821,1956.3732740463374,21.33701603159591,2.1346308919,257.0,436.042702371,25.05933795511644,38.395632512129986,16.41695962647213,33.7025172015269,0.0,95.62775615677708,361.6787883570407,705.6590785345488
0.7122989844,1734.8363004835153,14.751031679314064,5.6333332327,245.4444444444,454.9778335335,21.521292659971447,31.994500001271565,14.252041697502136,28.79152790705363,1.0,95.29804054061893,312.59363257541025,876.1565128626164
0.6694873326,2041.3246835080483,11.75900292285237,4.8499999046,240.0,498.6725987317,14.664907437966585,28.014244582022695,3.650679191879394,25.680380985860342,1.0,93.69885222600685,193.49544862118992,353.49930247396037
0.6203541667,902.9582037790002,24.543662694412692,2.0999999046,310.0,448.4374982207,25.990501642227173,49.43512487411499,15.998999953269958,35.982749938964844,0.0,95.87756114670606,284.94117460002997,685.25898303815
0.8249477273,811.8137880869635,22.29781163805354,2.0,283.7066694319,1597.4622175673,25.89971048847112,46.252576842418485,15.629680655735914,36.1706366059817,0.0,95.74256203126582,274.87557893279904,546.4592908956798
0.8399867647,666.1508225950239,26.219052353465816,2.0799680983,282.0,1461.9622557776,26.053043248519234,50.143119174503376,14.906152888638326,37.20060136595691,0.0,96.25040234752618,315.9975874213703,576.2535737574751
0.5068841009,240.03162524823222,11.629663960558474,3.375,92.0,124.4995003621,17.920000672340393,21.10137510299683,11.381624937057495,24.45900011062622,1.0,93.05394653510677,177.6211127939078,1693.956694294306
0.6037261905,480.6051502145923,15.04872157280793,7.0132554773,70.0,98.2258385962,20.06390880802407,29.31926499439699,12.155179084558595,27.97359569015053,,96.02304078169121,120.33782260443857,1510.6828279111417
0.7353368117,811.2726092386666,24.406931781411284,3.5378378211,312.8648648649,713.63610157,25.60842621326446,47.257125067710874,17.50033121109009,33.717493736743926,0.0,97.36662432400121,305.82263568967176,528.5643924038312
0.7416204212,1012.1442877633759,17.749691291841888,3.024999996,211.1666666667,1159.2336878134,23.45029789209366,34.57828104496002,16.18998447060585,30.711468905210495,0.0,95.49098886809827,226.8746439540946,521.7907498179868
0.7697331996,1211.9289170469995,25.24114255834013,6.1000000636,183.2222222222,1700.1714995148,17.487325859069824,28.316849946975704,8.876125013828277,26.09952492713928,0.0,93.9961882626472,108.73124498519792,305.3304253139158
0.7341830625,998.2502826237444,19.09646897284526,1.9285714115,142.4285714286,1328.1462517983,21.84615731239319,36.33328104019165,13.95034372806549,29.743093609809875,0.0,95.8389667718993,176.0669679476573,429.6528208572703
0.6004715793,750.9114391715127,19.225622283498872,1.5888888836,257.2222222222,611.6055564473,23.521223386128742,39.62341647677951,14.740444448259142,32.30316654841105,1.0,96.89656843333029,433.36448589393564,894.2511780412397
0.798530902,1054.8849440398915,24.07866552811129,5.0142857688,169.2857142857,1053.02857086,17.867893729891097,30.74157156263079,8.071107149124146,27.665856974465505,0.0,94.08197483896336,129.8916459906461,350.62982470865296
0.8022883746,1119.4949630783024,25.395042589403403,6.2285714831,175.7142857143,959.3231676049,18.19695909818013,31.955458005269367,8.185666680336,28.209166685740158,0.0,94.0013831810651,113.59169735925116,317.7629309095621
0.8181233301,976.7731144816123,24.698735327388206,5.3499999841,178.6666666667,1015.5200012868,18.136000837598527,32.880071776253835,7.63596430846623,28.63696445737566,0.0,94.72460206694788,133.6514427000455,342.81354706345286
0.7995434624,1071.5146232317447,22.054841238839913,4.8833332062,172.8333333333,1030.7390006527,17.603938400745392,32.58056229352951,6.7457187846303,28.463281273841854,0.0,94.28920433330704,133.58889402220944,348.56086881789685
0.8034601734,838.1364819686506,28.365489595555072,3.1333333651,170.0,1162.803998036,17.9846674601237,32.64716672897339,6.900333285331726,29.070083300272625,0.0,95.50859160997001,132.81871006549486,361.5972805569084
0.8338469967,740.5682292655152,25.813840974156772,6.043552117,187.9651060669,1714.9459964242,19.664875507354736,34.72724962234497,9.557750165462494,29.7728750705719,0.0,94.78685237171274,122.98800919130349,330.9080781459186
0.7336942189,1103.4868645253173,17.348070171245077,2.25,180.0,1128.3223087391,15.727778706430396,29.67271661454842,3.598616521062318,27.857974916620897,0.0,94.1549895054537,129.15500202568887,378.77574776376696
0.7788098259,642.2550315789474,18.826475952631547,7.0775412791,315.0,812.2575451931,21.40204177470205,33.055823489186864,13.48519839362304,29.319729912528693,1.0,96.62956993063207,188.13891541258974,322.19432393102727
0.6799512821,419.9072890299884,15.184845407752285,3.5999999046,273.0,632.6309780682,26.215365166279,55.52204591092002,15.81283080069828,36.618786339135475,,98.37445047188376,270.91219454092095,631.5410069576651
0.7577455784,1490.6502413641779,19.906633962774627,2.5570241489,187.9868308739,779.0951413604,21.35382537653693,35.95802694714069,12.894350848995359,29.814138922588995,0.0,96.02392468367248,123.95605306359852,384.43542588315006
0.5101350575,909.9761729530818,6.010258428630418,2.4000000954,202.0,391.7187010713,18.71781971391212,38.74224234677422,7.002552440687956,30.434276339244732,0.0,96.53075124165622,200.3999810975189,639.5975881117547
0.8786107527,236.61837355120653,20.477775611395327,3.8605145583,324.9639478971,867.0649455957,16.08047922018249,23.497477189657356,6.911386984970168,25.250819517988056,0.0,91.8197871462934,207.85082571115294,453.5538470197359
0.8353323718,949.6013923197844,15.619568487047452,2.7115948903,198.9129263305,1031.6391755193,21.60773548342946,42.128152193632815,10.913610585469918,32.303160433939716,0.0,96.25435463725677,237.876641295991,483.9770013678561
0.6504425926,78.85798816568047,9.637790660674755,2.4044313338,303.0,467.1863992949,17.443596272115254,22.975317993950522,9.57323134231142,25.315199883222412,1.0,94.70574926380237,286.5402821668228,555.3040324455758
0.799453125,484.15829694323145,7.417825492004034,6.6264264911,331.0,1120.5290001556,20.192501068115234,32.523499488830566,11.734500169754028,28.65149974822998,1.0,93.99922416590107,219.64380628905312,427.282897191288
0.6590238095,980.2783551739719,8.154631774052742,2.7090817148,159.0,622.9069131388,24.16496634200836,43.161010437506974,15.791516209697951,32.53918178900487,0.0,96.57120866486909,207.11154668854846,523.6347674945189
0.7816126984,748.642890226957,27.65238673869743,2.5999999046,232.0,803.7033411244,27.49672492487188,60.95928308631029,15.583773873770786,39.4104392040044,0.0,98.35019345070151,493.7607639549186,908.0161827025263
0.80306875,387.62697866483137,18.162442223704115,3.7999999523,269.0,624.9263222083,25.38616597423801,52.41792954313294,15.649833790094604,35.123481966379444,0.0,97.7436664978503,447.0244471634464,624.183291698256
0.6160794564,1421.7346320916151,9.85355352884771,2.2000000477,250.0,384.1540005588,24.1055006980896,41.70462465286255,14.886250019073486,33.32599949836731,0.0,94.80172961418509,123.06032754828261,613.3953287623768
0.6720046963,1732.6171272905074,12.889689204511678,3.2179384843,160.4785493261,989.0086663564,18.346834023793537,22.43216673533122,11.948500156402588,24.746249834696453,1.0,93.17721038998951,149.513749933736,814.0783525540394
0.7423998835,1011.1712859356171,25.500203124037736,2.0868779416,185.5186026766,944.9415013455,25.77575135231018,47.17212533950806,16.99187481403351,34.56037521362305,1.0,97.47799454835358,349.78924720627595,655.1590316615031
0.7157151042,463.84518559353177,20.936628006465764,2.5458828774,297.0,820.0530604028,25.770035224003102,45.71620827532039,17.24462642853102,34.29655038145326,1.0,96.2322014263495,448.9631512609036,836.6834583010118
0.5980268817,1190.378803878276,15.725517730826985,2.5,251.0,489.6346757754,23.627717013574966,46.00344288962595,12.412904799149068,34.84352820184729,0.0,96.53166663717168,185.7327056044485,729.1390525628823
0.6762769841,773.3751200768492,16.22190424772245,3.0999999046,293.0,726.4188936828,21.104228057052005,37.70964804429927,11.07609204499248,31.133482153229167,1.0,96.72178817742275,104.46996818535926,707.8363648695976
0.7425272727,769.3774329300368,21.097506975763913,4.4625110759,2.0,1257.7147864002,17.09891764679194,13.882098163140052,13.503285900811774,20.69554644866752,,90.92076083939466,33.374949004384796,43.305149835340764
0.6301574297,986.6838831164463,28.959183772849933,2.7717047514,22.5007501931,1381.5742563283,22.929607323326717,35.55935267659275,14.73601148040549,31.124068515513034,1.0,95.53333928033635,332.3023274063921,701.9892515732413
0.7428437687,1226.7817896389324,17.420055505270227,1.3189638948,296.6940058304,2232.9857282478,21.26974734631049,40.92840357743237,10.26573664259392,32.27475845722106,1.0,97.80121873825259,357.2137413197386,826.0274570601237
0.450082598,1115.2421945794547,19.28168561155335,2.4987025135,344.3179409251,608.5375547016,22.719539263371857,38.12241721073934,13.705613129160074,31.734332711453145,,97.00422406312688,182.1614174447291,1309.6196949182895
0.733309584,1444.818577578562,19.20985184416779,2.9294117619,253.1176470588,800.6315804513,21.034094750881195,31.833328008651733,13.5376405864954,28.531656205654144,1.0,96.27335653007145,311.7895036039108,609.8391306055422
0.7730049913,1228.8930403700588,19.830645548342726,4.1555555132,334.1111111111,1335.6443495455,21.304938634236652,35.81208324432373,11.998520771662395,30.612395962079365,0.0,94.88489222971319,95.43399076957458,304.13017608960314
0.6685972536,847.9564523429497,17.624103132517234,1.2714286021,300.2857142857,560.1696624466,22.514469802379608,34.546093583106995,14.752406239509583,30.277500212192535,1.0,95.80716588861615,447.1092368938936,609.9848333257462
0.6881171689,1014.869399712757,10.422590058958606,3.5666666428,4.5,752.3149143449,28.90604305267334,52.164500395456955,20.64608335494995,37.16695833206176,0.0,99.21183989784895,476.59532287116224,814.0149569733715
0.7670842015,1087.6418278346605,26.454246880419976,2.4000000159,247.0,1245.1689524708,24.31379278500875,41.93666696548462,15.27258328596751,33.35600010553996,0.0,97.29654463871077,153.351399921687,637.9617724318786
0.7852337065,1049.4350291510264,22.49195322380804,2.7000000477,28.330021216,843.608456197,19.822870882426713,39.324961477325765,8.243663449415912,31.40274843666557,1.0,98.889186293491,412.2360427232531,1047.3719010253396
0.8133801282,621.4249299346056,23.65802021615379,2.7090339643,4.9096263233,992.0860587967,26.171546646548865,46.78620974989904,17.64846175385572,34.695672681970386,1.0,96.72095313544288,263.7217616468857,533.629192915911
0.8093842262,744.5049606218677,26.89449287427463,2.4069556509,155.0,843.2420066306,24.808251380920414,52.61250019073486,12.952250003814697,36.66550064086914,1.0,96.03393911318125,182.108694951561,566.5303517728593
0.6672914773,1867.49474009901,17.649487732582273,3.2746665674,190.0,912.6597616402,23.7003893923697,38.11975238475449,16.27185826848362,31.12957994881756,1.0,96.49073200171732,165.16001778299415,682.5375667897795
0.6174960784,218.74262461851475,6.590596983203568,2.8087748325,231.7327074706,767.3665890811,26.9255744157091,45.784717920152545,18.98891165277375,34.86346442356427,1.0,95.85003397060987,175.2315978800095,586.6418052375627
0.7558886905,536.0694220790839,19.716941274093333,2.9787279774,289.0,1171.1499616537,26.94954790239152,50.165237350109265,17.754240350825018,36.1458863270339,1.0,97.96329361112076,405.92750081706674,712.1715479977908
0.6268430556,563.8382764409625,12.996747748005903,2.9000000954,105.1956511375,531.9284008462,19.807751178741455,29.073999881744385,11.115749835968018,28.50149965286255,1.0,95.50017410166694,991.0343280985024,1464.6929710629581
0.7400166667,543.6647058823529,20.097082927803587,2.5,207.0,1166.5268993851,25.145750999450684,50.82824993133545,15.051500082015991,35.241000175476074,1.0,99.3300159039177,719.680899489907,1185.5570248831914
0.5736520833,1016.9659574468085,3.544846761395745,2.7000000477,218.0,653.5066917507,16.93000102043152,37.11549997329712,4.140249967575073,29.720250129699707,1.0,98.75256177023492,512.9497310745992,951.2410427492944
0.7181169219,1441.8006684702136,16.132688560538714,1.966666653,189.3968253968,730.354630308,22.040658250931774,40.45796784277886,13.226971760872871,30.855310516972693,1.0,96.78763396275932,362.76309362501627,883.9607278924215
0.8350815742,929.1208216151852,27.89469076317491,2.0833332936,251.6666666667,1181.6744286871,24.20882265908378,44.3579284123012,14.172999995095388,34.24557140895298,1.0,98.24549879079622,282.5732233962988,727.3884767937246
0.7962028802,1112.940392072895,26.4820557893357,2.0499999523,292.25,950.0974013273,22.725901222229,37.075750350952156,14.302099990844727,31.15065031051636,1.0,97.96115255629985,290.420293849965,748.4335722066119
0.5331912879,271.92197330895,6.361070123528514,2.2999999523,326.0,740.2440044134,25.92987632751465,47.59637522697449,17.26074993610382,34.5996253490448,1.0,97.96614092255763,545.8944354276305,1162.1280622078407
0.7547357143,212.4899961523663,19.6806972378169,2.9348982241,170.0786503838,278.7040034756,14.17150068283081,18.09374976158142,7.976500153541566,20.36774969100952,1.0,91.2865855239477,56.4072031952479,934.0142412888192
0.7506574074,184.41070336391437,13.338403308473596,3.2999999523,177.0,1050.5499858341,28.68056954833172,62.717066249944295,17.05305389434702,40.30931143603193,1.0,99.03221873221227,286.2119136738584,742.7559362139344
0.7938727273,1407.7786499215072,20.51471638317697,3.9000000954,170.0,740.7378366003,20.46119168110461,42.43618722057892,9.30156310478306,31.62190519096112,0.0,98.09944636323797,227.60760813304876,875.2503119010189
0.5701083333,120.5257328990228,5.247498802001004,7.5,173.4313842806,604.1081765359,18.006497234101122,22.053776405681983,10.819496068996694,25.19451676120638,1.0,93.85822130974915,95.68049612105028,943.8341764412155
0.7780982971,1268.357742353777,24.77240887087835,2.7405405367,44.2972972973,1023.5249996059,22.535146267183364,33.36761293103618,15.020629013738324,30.05074187247984,0.0,95.23076969407211,246.63888720410625,755.4107166995004
0.7824446426,1346.9162487263773,16.18422584083551,2.3500000347,280.5,903.2624148392,22.355365653832756,37.71906246741613,14.55854166050752,30.153114676475525,1.0,97.60627895932042,274.05232956208084,981.70693775388
0.7763361495,1479.5462435415138,26.221502487240578,2.4400000572,234.2,856.1329089748,23.8768874948675,37.55425002358176,16.709022782065652,31.045908841219813,0.0,96.1104983899817,116.85011627735804,676.5538041485681
0.7323617335,1041.26189999513,18.68753302565212,2.4333333969,261.8333333333,508.0965548964,26.354307015736897,48.464583184983994,17.88144432173835,34.82822227478027,0.0,97.1446593376851,114.88068227343123,663.9937961037717
0.6673092609,1427.6394787750885,10.559112484637234,2.2111111217,184.1111111111,503.6876676802,24.76011223263211,42.57041676839192,16.72522232267592,32.796249866485596,1.0,98.08769155160745,165.5553936043579,714.9808892756821
0.8689116174,613.0360451406434,23.000372399403297,4.7000000477,334.0,1005.8146660702,24.73625119527181,46.266833305358894,14.876166820526125,34.597333908081055,0.0,97.41203629564276,402.0690732530706,751.838748619783
0.6782614035,1434.952287387855,18.284318224907086,2.4000000954,15.0,486.5153472194,21.07592522016942,27.465727999920745,14.356305455135185,27.79617587344779,1.0,95.37807938240668,122.79793608958617,636.9471369050708
0.585858209,343.94748260335655,14.52740125064961,3.670256902,211.0,520.8047840826,24.261049190514697,41.08610691294077,14.557004943328934,33.966058539260615,1.0,97.41007096660992,471.8638574004646,632.9695334596187
0.6609712687,459.72144546322033,16.134095881484342,2.4755504003,221.0137394985,589.5524973422,22.621376276016235,34.05712532997131,14.322499990463257,30.921249866485596,1.0,96.56638300757822,524.6038801485522,788.53978369444
0.5691725,846.7561115904515,11.638618919230208,2.1069894533,227.1263066238,367.1104928326,26.93116419569789,51.25293326238315,17.960302775451005,35.903070961865744,,97.2960035174248,704.5918395715596,1096.808879999473
0.7503138889,598.7355530042097,15.785328864252891,2.2084829966,205.0234900855,699.7797818547,24.24422365070552,39.352739503634,16.379252286115317,32.10998434255942,,99.00276952772323,85.54901184455846,894.1579413392067
0.6030555556,490.6243987756887,15.889063454972222,2.7999999523,316.0,613.6728836058,23.262535203075725,52.00191133926883,10.688810258471314,35.83700834888635,1.0,99.13800331559511,869.1666812451526,1309.6826810045388
0.6616559524,1080.5142337976984,10.929166628601767,2.6271579119,201.0,430.0746667523,25.774015159903264,49.46055846199247,16.732156556532885,34.817083757299585,1.0,98.41346365497276,824.2950458283789,1244.2531100015597
0.71398125,899.7226945716153,14.918680473002365,2.4998908698,179.8144784232,407.394822849,25.354147826886496,46.383378842933936,16.018426699503618,34.69037806010441,1.0,97.4084976422479,716.5753785074583,1122.86572860267
0.622075,637.9171974522293,12.98221860717394,1.8128616658,235.2470213769,740.0730047673,23.691251277923584,43.303749084472656,14.35325002670288,33.02975034713745,,98.69206838392091,347.2089988241751,1215.6252879492959
0.6494652238,564.2930642771793,12.548880498495283,3.8823529272,278.9411764706,873.8151979309,27.54521789550781,56.80164985656739,18.27175002098084,36.81955010096232,,99.57659389071516,449.6412418031132,1249.9978046526985
0.7085182382,599.4181767632135,14.940428368222422,3.4166666402,201.6111111111,621.4831248763,25.003720074892044,50.59876561164856,15.558749988675117,34.44981262087822,,99.3524377012053,570.5100080852442,1210.7653496363953
0.8032305469,1048.039512900643,25.17093993007464,2.612499997,95.5,1018.577250749,21.640235394239426,39.31742176413536,12.292234435677528,30.989281207323074,0.0,97.30724837052601,155.27721260804122,732.3099965406541
0.8205354905,1238.2704862241426,17.16678785030003,1.974999994,207.25,1675.1003343521,21.4845841328303,39.271541595458984,12.034374952316284,30.935916582743324,0.0,96.42422736252372,144.44217483849945,659.3752646023338
0.5010847453,2132.998061382946,18.65077286679015,5.25,223.25,496.032332731,16.10616739590963,29.685750166575115,6.23158331712087,25.981832981109616,0.0,96.77111178625313,54.11602514799686,226.43075226629819
0.7894546256,946.0056012732409,19.786308424535065,4.6499999762,287.0,1003.3896628121,19.38858429590861,32.82766644159953,9.61174992720286,29.166416962941486,1.0,95.24429898968137,257.89549223761964,505.61432874354114
0.7765964623,971.232407697441,21.222767189394904,1.8999999762,122.75,953.3285026036,21.852625846862793,42.58112573623658,11.387374877929688,32.319000482559204,0.0,97.64047818047567,178.53975982946545,814.1047462044864
0.8073911985,1222.7906805914854,19.07410000629904,1.5500000119,191.5,1416.5032539746,21.372001290321354,42.80537486076355,10.335687547922134,32.409125208854675,0.0,96.47088916896013,134.85486532431878,643.4523969939271
0.7005278369,985.0221289197193,16.454091781154375,1.7905870238,165.3506181118,871.8473342607,21.015834013621014,44.98383251825969,8.858750025431316,33.173500061035156,0.0,97.68277744322936,158.08110598272742,775.4391405514408
0.7688380247,1039.665361165213,18.23963159680283,1.8000000119,208.0,1322.7249903789,21.357375621795654,42.43262481689453,10.15550011396408,32.56025004386902,0.0,96.96387987390638,152.9666307011702,721.0238213876472
0.7522008013,967.9534258091635,17.72807154337682,1.7565768475,175.0407225041,912.6107785037,21.108276233294877,43.728005460631806,9.44020577629425,32.777361186413124,0.0,97.47501773324231,152.9500139548218,710.1549752599412
0.70024397,1412.1513871763254,18.05768785655278,2.1999999285,134.0,431.6359367754,21.015315526387223,26.70589093808825,14.121473207259397,27.910222178723114,1.0,92.71687018223594,78.1362422783012,553.5002729397249
0.8505735897,758.4328441230585,21.31501172118201,1.6999999881,216.0,1045.2592751237,22.69803020696297,48.411776209552045,11.039681402136681,34.35731314630582,0.0,97.85390464846299,174.30357209921766,838.7519247372668
0.7125146739,1240.3710480458053,13.751186268559463,1.8913554675,165.1503359384,1317.7022594431,21.343765074388596,38.9258021850127,11.740977383570183,30.947567274255235,0.0,96.91476211420935,137.21487332393917,605.2091253784653
0.7969609375,551.7843797340515,21.23126899301153,1.8999999762,199.0,817.3038111789,27.763492222116238,61.05236016368265,17.729065765455687,37.79891777273268,1.0,99.59575382377517,659.9088769569639,1171.228553227756
0.5600053571,663.4715075281113,10.680445407768056,2.0498143181,257.271588415,331.7020489172,26.630778092489454,56.47171639792329,16.320753815337493,36.94143744570576,1.0,97.42152977038349,215.48255504425288,656.9599532865363
0.8124527778,296.5967814036656,19.537698431783987,2.4000000954,216.8926720213,1071.6683781782,23.831622042948386,47.74188508800029,12.722558334688705,34.94162809186226,0.0,97.55894692701276,490.5433405144606,883.410245660231
0.7327022727,768.4138655462185,20.45536237091077,4.3081907982,310.0,824.8368172517,19.873447629446183,29.782247552857516,10.65085408256241,29.097030984704006,1.0,94.20121494093758,170.837318884751,986.3607190087462
0.8516212963,799.7104247104247,21.417635642277144,1.8756091792,214.4878158224,1050.2759236873,22.80917506824921,48.976666208093334,11.053992774565925,34.56535788900621,0.0,97.26386138292574,163.50373368867275,762.1480633538065
0.6720638211,538.5939141068988,17.310671137321442,3.0750369125,229.1895012021,361.1592226582,22.304977388390466,37.07969680163812,12.432183678250674,32.17836969465561,1.0,96.17967179614327,175.9531290817889,838.3311300345606
0.7414331994,757.9741884813268,23.68341634640544,7.6606060664,344.2424242424,1067.7438617156,20.121897385038174,27.138784556553283,12.91675852907115,27.32809482771775,1.0,93.99308828232243,359.0899069809333,711.625949082759
0.7516862923,1023.1921976786922,19.515590738013476,2.1875000298,241.875,995.2407802638,22.343501091003414,41.017666869693336,13.581805573569405,31.106166627671985,1.0,97.90549424207713,337.8025914531565,923.9461413108936
0.7986028674,669.7411192820641,24.18482105497368,1.0462495312,230.1630506863,1278.9995024365,25.56925129890442,46.66287469863892,16.80062472820282,34.33887529373169,1.0,96.23846484526459,223.68756511027425,440.76795615084313
0.7690828889,630.4587805165702,21.056763350209074,2.7244973266,164.2248651128,1058.3757210184,19.402965913989046,25.015419627395715,13.513492546919785,25.29321984009852,,96.02453649929777,665.6854256686274,1195.3107097356506
0.5521114583,456.1395046800125,9.410454754394777,1.8987964472,304.0,751.1811686539,24.220298660349563,42.48564234539893,14.536508674332968,33.90531268273539,1.0,97.0558264764851,467.16190278569957,995.820407520214
0.6103008333,375.6779338252797,20.079690089220946,3.3524651016,134.0,1344.8453065413,21.865991594656997,29.042501044323274,14.916902321928433,28.815833589613355,1.0,95.96990840509123,554.736638501524,1125.8239953170182
0.8505841667,315.46743849493487,26.882714146211764,2.9868017082,222.1266231544,2671.5614715601,26.36040087029877,54.3861343355495,14.701889144364715,38.01961224932312,1.0,97.56364512996592,340.75655800219437,947.107077761139
0.596040625,429.7082352941176,11.36274271527926,2.7000000477,172.0,885.3561746976,22.51125170145133,36.08534818657398,13.41713651633199,31.60603774811056,1.0,96.1014235203668,676.7063330114341,1116.9918881802473
0.60593125,736.2430080795525,17.950491802710193,2.0999999046,205.0,826.1569961829,27.95475149154663,58.482000350952156,17.912500381469727,37.99849891662598,1.0,97.40687307407794,367.45605878636024,569.9396273060536
0.4982777778,1112.32,12.070667848967124,2.2999999523,298.0,338.1882315851,21.23361577112186,33.08762861016829,13.080542908640947,29.38784105019305,,96.57232959893815,719.1736927097162,1144.883679253481
0.6259758344,485.00303140951036,15.504695599098262,2.4181818312,213.8181818182,458.591888791,20.08130651050144,33.405083338419594,9.731555488374498,30.432333045535614,1.0,96.13759089685706,782.0767963475743,1110.960090510308
0.7351030571,332.1064552625691,14.15410751583135,5.9818181558,321.7272727273,1640.8421983763,20.059434254964195,33.12640021642049,11.688100028038026,28.431783199310303,,97.77268432220629,659.0763280956467,1321.319966499691
0.6815086731,350.7142891204311,13.800600992345075,5.6000000147,317.0769230769,1319.6432728329,19.723705421794545,33.40224985642867,11.080863735892557,28.36749995838512,,98.60746121185774,704.900616477616,1365.6823568447398
0.7121797304,272.05064370690855,13.128631322817897,5.7818181298,188.4545454545,1624.3830018619,20.283032178878784,35.54559373855591,11.191250026226044,29.375812351703644,,98.84762583792511,674.5131235628862,1315.4762868603152
0.6774554251,1355.4419515943143,23.06723304477492,1.3399999976,214.0,1279.1963721867,26.5575013756752,42.31968742609024,19.9654061794281,33.1507186293602,1.0,97.34502086881652,271.1182266840767,1039.934570238369
0.71063425,517.7148071108029,15.70752219009604,9.0142856325,294.1428571429,1799.4411835704,16.25622797012329,31.311931913549248,5.251931764862754,27.261409239335492,,98.3336361361085,175.4743259120587,1262.5829847423424
0.8099914596,1156.120679701949,22.506379740388105,2.7875000238,180.5,1840.3004476456,24.20950116051568,34.28994459576077,17.637916591432358,30.782055589887833,0.0,91.44498840330428,157.1871359360197,715.31755380551
0.7285805011,933.6679058711671,25.645795712092724,3.2599999905,321.0,1636.8379956644,25.66468858718872,50.50362467765808,16.07693761587143,35.253562211990356,1.0,98.56422208618277,229.36988299669326,1002.5339926822652
0.6420261628,273.4497478405786,8.404340687313084,7.0,259.5,1424.0067542367,19.40575087070465,31.532000184059143,10.769312381744385,28.04312515258789,,98.53703771972042,720.4175309840446,1361.5439710515866
0.7053769906,1652.594573456009,15.242457388605054,3.3000000715,148.0,2117.4203423886,25.010167757670082,43.740000089009605,16.277166763941448,33.74408356348673,1.0,95.75612328119863,241.9589669569267,940.1590082209526
0.6408883536,2048.7536454336146,17.336876953959358,3.2440601729,221.3893537841,2144.1555041384,18.420625925064087,27.51750016212463,9.935250163078308,26.906625032424927,0.0,93.08032088283983,138.04860348623401,746.8641698197747
0.6138710938,436.4835683486773,10.72751327960044,2.1263494275,223.3286265406,1931.229508053,26.9308762550354,43.03949975967407,19.18387532234192,34.67887496948242,1.0,95.23586675023141,196.67395776827553,546.9493258915624
0.7759498713,1667.6529263942932,19.4828254088298,2.1049916482,194.0,2316.895699839,21.74666523838528,33.163535358149836,13.84108192885338,29.653234873388712,1.0,94.54602842417287,281.87840200484175,628.860092386618
0.7838119949,677.1549746015064,15.252606013608043,3.5210212632,137.0,2571.4548447029,29.550571193820286,55.36434067882131,21.60014791238701,37.502062824670965,1.0,98.21627074173497,498.291848389012,1003.0803176342349
0.5804016667,492.73411464561906,14.24043448048992,3.4000000954,109.1889231066,1346.4763843729,16.94842994035238,33.51145369432182,6.000365886629306,27.89735407839173,,99.21160668602585,855.2399133020205,1407.9431053234894
0.6575677083,1234.193163610468,16.87352571587493,2.9000000954,87.0,1728.5513771346,28.385019558924263,45.49337699751049,21.707296334438517,35.063110661165155,1.0,97.43097953193222,567.9670653509916,1045.6825002958471
0.6981035714,567.7679451467752,14.312775349729394,7.5,309.0,1966.644847037,18.559029610373273,28.941689807405396,10.385824906060176,26.733077456056307,,98.56510828631971,185.39059243082426,1287.3155090544642
0.6200604167,162.67360035406065,7.689026971422854,6.2999452508,328.9917590227,1510.3682512228,19.941493182364827,32.48955063124836,11.600269154184298,28.28400705707818,,97.02269436211256,207.40578755702467,1252.1185744644229
0.5836258333,601.6275933609959,7.775610682249256,3.2343340779,96.0,1272.0214993599,30.260736456219664,57.30750366993961,21.89570203914143,38.62632214165379,1.0,98.37121595206577,625.9487102163228,1149.3888178120487
0.7050154762,669.768472906404,7.984585768229962,3.1988618432,161.1138202855,1910.903835477,30.858320240228636,67.62916882566118,20.98397445287323,40.73360536913365,,98.75249414127619,560.6569107638556,1070.3081770411172
0.8479541667,448.2726769911505,22.382614317984707,1.8999999518,148.0,1978.1977336886,17.32970858307488,24.69719887706989,11.114847703891668,23.545566827333072,1.0,97.61153017609567,626.9831097983121,1258.8119671160043
0.4996325758,97.5739718941288,6.89677440938749,6.7383406557,54.0229478141,452.1368763827,14.848282814893771,19.822446369378977,8.200626325971536,21.49697981440496,,93.81320320144552,700.132436685416,1658.453116944374
0.6947860602,936.4106144916103,17.432600764362835,3.4330097067,290.5436893204,721.5383799759,28.710663909912107,52.4192249917984,20.67935252428055,36.7428601026535,1.0,97.94092187412163,453.79811204828343,759.8188610274482
0.7202125511,823.4891566615643,20.43277579592436,1.5140350827,216.1228070175,799.8041784992,27.562773644924164,46.8231116277831,19.553714271102635,35.57286605664662,1.0,97.96556621722591,393.5867832866656,667.8010740631918
0.6778933817,557.167444964839,14.431579185766306,9.0171428135,132.8,1043.5901127974,16.328070243199665,24.345944431093002,9.617062522305382,23.040034744474625,1.0,98.54098148965386,180.0833565340469,1199.1477904061674
0.6678325134,1237.2538719144547,23.172977476664173,1.762499998,226.2916666667,807.7499549327,24.860648848793726,37.926079359921545,17.780431801622566,31.941886381669477,1.0,96.10681779780296,353.90635442037535,597.3007984056131
0.7670857101,1030.3513247114263,20.19247263050335,3.4062500298,135.5,1020.8892509602,25.19696992635727,45.48048436641693,17.052546843886375,33.3423907160759,1.0,98.57993071187366,629.4192293807648,1044.8310831997214
0.6679100927,659.6014402870508,14.436741288362239,8.0454547622,329.6363636364,718.2060839008,28.11727213859558,49.816937446594245,20.110333244005837,36.12516681353252,,98.03508216457342,439.0125585974404,760.9362888871955
0.6402977439,2184.5421697207657,19.44128283763322,3.0888888836,190.0,1209.2462873998,20.63121509552002,33.745642866407124,12.32603577205113,28.937357153211323,1.0,96.10168242519521,115.94829750323092,656.3979216449078
0.8233970734,811.045522911862,19.524079174123077,2.8986526588,236.6568347928,1007.7506076269,21.936993662050593,45.561247746654864,10.19825427759366,33.676417037535074,1.0,98.69817463627312,654.8661415852223,1088.6740901666199
0.5311916667,241.0494106980961,6.170566708579026,2.7999999523,304.0,604.462072973,28.794987106823935,55.24545548941895,20.35149473467909,37.2399671155995,1.0,97.98742442016237,253.49743234118284,455.3934088424722
0.6570833333,1223.664208456244,14.737418107871578,3.2000000477,128.0,742.2221241672,18.659674180359296,30.180504834644413,9.573471486780706,27.746390327309623,1.0,97.43691746866517,833.4885905156349,1277.0783450676429
0.6610354545,1658.4906542056074,8.422324827838644,2.7999999523,124.0,1062.9337329382,16.979137130701762,31.098687182431213,7.698467671819048,26.260803989094832,1.0,98.61697271237543,583.9193695127133,1041.8337729349184
0.4738935185,630.8808777429467,7.325852341879872,2.8948812959,242.584210507,219.01099856,21.549750804901123,34.9207501411438,12.033750057220457,31.06650018692017,1.0,95.80013817829877,360.5564320508586,1011.7991335350565
0.658899996,363.5391283110093,13.959251930806166,4.482352958,229.7058823529,1457.9029027902,18.11046381223769,24.055928656033107,10.531416654586792,25.689619064331055,1.0,95.05092325592346,663.0460982458736,1203.0468802098615
0.6363247738,1695.1180205824392,13.976014521026372,2.0999999642,175.9166666667,895.2741446065,19.43564592088972,30.978874989918296,10.893678639616285,27.97771423203605,1.0,95.45663802124932,446.935295559355,833.6438517220221
0.640960463,848.2050766283525,22.14449324631162,2.6820426488,104.6025265079,1128.886978718,14.127323369166406,23.25326219474729,4.71676252636038,23.53800552136039,1.0,96.65084723496963,172.33827068513543,1100.055959621802
0.51187,414.20200250312894,13.997216621253907,8.3000001907,168.0,1346.6423102934,18.38075730626572,35.34637549988686,7.262325394744676,29.49924057970682,1.0,99.63023767028984,132.4352058034778,1144.2476547097224
0.6319357143,323.2624643874644,13.378363836928141,4.4000000954,181.0,1893.9483455138,25.135753249805873,38.00907430105138,17.069295329805744,33.20226268807419,,94.24103420609612,131.15532659463815,755.6089511967866
0.493975,223.8862786972771,3.058056836674319,2.7999999523,170.0,359.5074982708,19.680436636818204,28.884239953955912,11.652227024480828,27.708741850835263,1.0,96.80990256391308,812.3528335215242,1608.72964139828
0.7260011198,1215.8119623159698,18.177427994834346,4.462745099,184.6941176471,762.6623603137,25.33795915412903,42.55933498001098,17.365357019424437,33.310663974761965,0.0,96.93073312534256,393.2291894834264,766.1131020190242
0.5845294218,1831.4549928888625,14.990894781637062,3.0090909045,137.4545454545,577.5033691916,21.487889927366506,29.53080434384553,14.840413054694299,28.13546738417252,,96.12370844291559,533.5881187177296,940.5500336136307
0.7715918215,1165.1116866296202,17.365508578789722,2.4435897332,145.8205128205,1079.4798046806,27.73360446604287,45.26605797395474,20.837249956479884,34.63005798037459,0.0,96.68416052872284,416.9586130142076,748.1445664374465
0.816021335,699.6277699500448,15.72392673335888,8.1609755842,98.3170731707,1220.9034356889,24.14540199133066,45.402564207712814,14.66754487844614,33.62335901993972,,98.65715081032512,429.54936181714885,787.2099977059027
0.7823603927,1240.5540897258927,24.172525237342168,2.7131579361,12.0,1110.4787579855,21.954079782640612,29.117520139024062,14.85088512704179,29.057378382296175,0.0,92.33230984553197,192.5646730777866,447.4365577818341
0.7033979265,747.2369901954279,21.129434022115912,3.7692307601,313.7307692308,812.824407445,29.27250936296251,48.05201864242554,21.98760181003147,36.557527754041885,,96.53297617881579,509.77810693396464,940.3111011541466
0.8610494728,380.3816324996292,16.52398197795999,4.8099999905,310.35,588.212105462,26.39376921402781,43.30031607025548,18.265328921769797,34.52228970276683,0.0,96.5577997063263,347.7013775849508,871.3165241294736
0.7099547641,429.72403891003944,16.778687369879307,5.5749999881,221.4375,535.9310597384,21.546464302960565,27.15542644612929,14.198132388732011,28.894897068248078,,94.02122288878036,324.4215751385808,1295.5781026529537
0.7786196567,326.93100702352325,18.107291180045863,7.1583333015,304.9166666667,747.1066170511,28.208589517153225,52.24109642322247,18.899749774199265,37.51753843747653,0.0,95.78635804659964,467.14659855167986,965.3238462315115
0.633487307,1701.4459055624345,13.285272901376572,3.1428571088,142.2857142857,459.3048738229,23.491424441337585,35.741624891757965,16.280156284570694,30.70278126001358,0.0,95.73274850533947,216.8434347803379,786.567584430939
0.6254750357,1648.7679611828926,10.20315243098508,2.7999999523,287.0,428.4455009535,21.982624292373657,41.10199975967407,11.7583749294281,32.20700001716614,,97.45100840427574,275.5811956064076,603.1818567872995
0.6392969219,456.3580386538993,17.01988362063682,6.8499999046,330.0,476.7804992971,29.55108666419983,53.20387506484985,20.803250074386597,38.29899978637695,1.0,97.12408497811698,512.1656226656416,962.6225358993728
0.6587798611,1729.6101265822786,10.564045342026507,7.5926177659,55.0,1102.3875759927,25.248076985434675,40.327920129633426,18.37401462475672,32.12225234266779,,97.82379372221641,502.3073001155966,871.9203814520688
0.6235144928,431.00188121472723,10.341122953189666,3.3540660578,262.716936673,638.5657143603,30.066076218377614,57.61249050704457,22.187358701685245,37.94489444226188,1.0,99.55256072951359,656.2336308268689,1130.9511338394798
0.8021449074,515.4032233307752,19.42011325869392,4.3000001907,334.0,736.3081302212,22.768886912300644,42.30414021678408,11.789084095969976,33.74879128837129,1.0,98.12409273254517,236.83719505721257,1002.0482232913209
0.5714690476,308.59513400494205,12.786633936800538,2.4594508526,138.889761573,528.1336572994,31.118751464264637,61.486927958407755,22.718417528513285,39.51918580672862,0.0,97.9986714456312,493.39446562215403,915.5553667794907
0.5963826923,526.2547408343869,13.917501911985639,3.8007203758,319.0,531.6801341149,28.084455406316415,56.6742607106051,17.748637526292047,38.42042508038591,1.0,96.09448709833725,526.7218235612161,981.640636419952
0.6807111111,588.4399002493766,10.873483562618121,3.0,311.9943416369,801.2567173552,30.487294606967435,58.63108086618626,22.138628842352794,38.836074200057055,0.0,98.32017313350941,521.2100144162059,883.1473400419784
0.5220821162,1369.9656546178896,22.63597502652885,1.7458333274,125.6666666667,615.8217781663,27.568491052698207,43.18860182938752,21.874675892017507,33.26241657469008,,98.08785674535144,709.5060687732491,1113.3887850878045
0.6490393051,1701.1382145044952,12.908234559721546,3.3100840374,219.2983193277,500.9738461248,25.439041968639387,46.15448634232147,17.156834047051923,33.72138643063573,1.0,97.66941927600904,334.2302964606813,632.9287985854319
0.7611487869,1016.5610882625097,23.731666936073996,1.9315789269,257.4561403509,556.9738555127,25.18918892253529,44.217913402210584,16.634418630599974,33.74409959099509,0.0,96.09296624752747,407.850531646015,872.4485266026913
0.7229339892,1736.616366952109,14.357612328457924,2.7923076382,317.9807692308,655.7123976535,24.795421141165274,39.77236200261999,17.425050483809578,32.16593068617362,,97.17590183828203,460.3359557322977,915.6643878077896
0.7417052401,1582.6126119291064,22.795709853469926,1.6687500228,292.9166666667,687.6599891486,21.976668687967155,32.24325213524011,14.954770711752085,28.998708908374496,0.0,92.69754247274311,321.0585768010509,775.7599632694021
0.5489225919,1652.0440175708047,6.794295388976858,1.6702702464,211.2972972973,369.9838408491,22.017112648487092,32.65833346843719,14.46456962823868,29.56979305744171,0.0,94.6147715575906,119.87104831409944,784.2798403795617
0.6341561612,1032.646411696276,17.61666979524488,1.7966666738,249.8333333333,468.9802530683,25.335049382571516,42.582140215511984,17.719666867420592,32.95057931439629,0.0,96.04217638600055,473.2023813960443,898.8965886434278
0.6502573741,1619.132360207855,22.177921531806746,2.8523809796,256.8571428571,336.7758935495,26.510640992058647,42.724333710140655,20.09671057595147,32.924706035190155,0.0,96.80614765136836,218.72298263956782,1173.7051525239299
0.4802143155,1580.127270772587,13.19622780565221,2.0437499732,199.6875,426.0879459377,20.493005444021783,30.66955353231991,12.19390705052544,28.792249342974493,0.0,86.01505410942471,65.75344085244828,458.5815524596793
0.5326560598,1526.7681390751477,10.138635921760667,2.4400000572,12.4,379.6078428128,21.832762002944946,36.14281980196635,13.858924547831219,30.07141677538554,0.0,93.0878233611775,153.4135202526352,466.08504602895334
0.7369310945,552.8393901740964,19.097021328940166,2.5666666031,230.3333333333,704.0218850008,31.39664951960246,64.7781982421875,22.371033032735188,41.08183352152507,1.0,97.6520063666957,433.8987399108079,649.6564743029089
0.6454384892,402.6004715530497,15.694339811145678,2.9000000159,240.0,645.2083835666,21.11479926109314,29.84031128883362,15.181861996650696,27.0478618144989,1.0,93.36953152980274,83.86217297873296,1092.1980259853458
0.708255625,640.6111521666107,14.558846188542587,3.5175057132,165.153508443,588.0898880506,26.788298516759458,50.72200360377535,17.821790300085016,35.754959984859774,,99.16575118766325,718.7846624595168,998.7507930499307
0.8017778455,487.06337568058075,18.479146519274114,4.3731848659,350.7173275854,824.4074943085,22.649324496650753,41.99578986835873,11.93217178674795,33.366670054049436,,97.63878831125129,312.0678774150668,1127.7474802536037
0.5116530303,239.2515578121394,8.040082497930186,3.4055868549,156.1754261537,459.1651045691,30.68454353202762,73.62666016930012,20.728455148656852,41.324641106302195,1.0,98.53993425034224,411.7452233189039,599.0193354462199
0.5694046296,513.6771288209607,18.948684696661203,1.7000000477,297.0,416.2852307235,22.413475637617097,34.5812577652387,13.950691385860754,30.876409923779153,,95.60543529915105,886.1476126330833,1233.8661057287927
0.5940805556,268.8608033240997,9.616663720489704,6.6999998093,331.0,455.9635652937,24.65991256767414,47.57228203306464,14.080392614231087,35.23956550807929,1.0,96.27404415583888,812.4072807751297,1417.4049871210636
0.4711838889,722.6454131424854,13.197231570918397,3.8946004312,252.0,304.0050688204,20.164274616470017,21.290537100462597,13.939486285121747,26.38919422565871,,93.20172954169271,263.6826539914689,1202.2067188355695
0.7643559413,1036.9110879979107,22.55302358463835,3.2722222275,202.6111111111,1219.6184334718,31.828228172503017,63.82856313805831,24.461319070113333,39.195275356895046,1.0,99.46414740563257,543.1279949435344,976.493832047649
0.6453689733,1007.4963221955644,19.54987036336868,2.2499999851,334.8125,517.0898406724,30.500506804539608,53.0743814615103,22.179903250474197,38.8212377841656,,97.53299884506325,201.48411593685722,697.2588690344373
0.841931414,760.6150914545177,24.05964210183234,2.4500000179,215.0,1209.8999808806,25.697427451610565,37.974299013614655,17.949321508407593,33.445667922496796,,92.14920135019563,143.29789570069258,515.6878867089858
0.6419032624,1081.385005056456,14.13017236051,2.375,329.5,622.843667059,28.06337849299113,47.80771176020304,20.92702865600586,35.199877897898354,,98.58731781388201,289.05722029276683,740.8633447032778
0.7012525111,1818.3695879071443,19.71488817293416,3.8500000238,197.0,783.2672010265,14.454527279625198,14.886889383021504,8.082213748132753,20.826999669787707,1.0,90.5254762632732,200.1501768006324,470.55546850798856
0.5978415476,440.3074377560668,22.665027887204392,2.5579978284,228.9665188201,680.903834105,20.75954961776733,33.09542417526245,12.319812417030334,29.19939923286438,,94.06844782708768,238.23691341068667,620.3541364741877
0.6029128205,785.477801724138,7.842111511708334,1.5539676431,174.9687179041,536.1339351977,32.78476077769687,66.76759834548623,24.708025841008165,40.86159537372314,1.0,99.44932516939522,785.7288832809352,1226.9683438072998
0.6915640046,253.58697318007663,23.69638052881906,5.9375653339,348.2504351627,756.9835022031,12.402656014766938,8.965193338628026,7.438212487822272,17.367207210235307,1.0,89.961393532229,27.930805314022336,57.56274783325206
0.5594654762,165.6367323290846,6.208643368573758,2.0297378215,186.0,512.6978884353,29.99934959411621,68.34609794616699,19.421399116516113,40.577473640441895,1.0,97.73064098226622,280.0281527446495,814.4767443946635
0.3678916667,1722.609587649807,15.520148809208465,7.6999998093,244.0,328.5725620021,22.347332188804067,33.77280119933931,15.251319716657427,29.44345581317735,,96.95152470573586,314.9809883744083,526.9256554959152
0.7821329602,605.928450492379,18.878823668011677,2.1391304265,331.2173913043,2222.5539239108,26.06694938919761,52.41327606547962,16.826729124242608,35.30730713497508,,97.1724336243378,382.1837606092746,804.1407728728782
0.7993946708,855.6827447519568,29.37366901171909,2.7000000477,43.0,1442.3571607404,30.006786823272705,58.665222644805915,21.294161796569824,38.71954965591431,0.0,97.45559161592652,482.6325773672595,897.5252542750061
0.6648744907,803.601488155497,23.298549780538025,2.7000000477,332.0,492.3529365413,28.106999397277832,56.02958583831787,17.8355872631073,38.37852382659912,0.0,98.16893726952337,397.91606136714256,909.4582030691778
0.5878112057,2330.6651689542687,12.43945201280675,2.5096219497,256.1564499634,1991.4169499421,11.24385676101994,12.753809395539797,5.157372965682116,17.330454824495657,,83.02947277760937,126.44903809843828,726.4614916517796
0.4114940476,734.1151465125877,20.068096223223865,2.9000731769,175.0,849.7406930418,27.876249697570813,41.31175017629527,21.209273009652414,34.543382268375794,,96.05086722609562,310.43615712712585,697.7968428635266
0.7172632221,1512.292116624551,25.660703796429136,3.9666667779,43.6666666667,903.3406788437,19.136236985524494,27.50031630198161,11.882758061091106,26.389715989430748,,93.31977759836457,210.6998817353894,413.2102553029952
0.6850200021,1614.9144435714197,24.807116804343515,1.6666667064,274.0,698.8506329611,23.52226495742798,27.0798180103302,18.47664964199066,28.567880272865295,0.0,94.98214956134342,454.7016363715258,761.226102314678
0.819148062,613.5021280977552,21.208701630230177,2.6499999762,218.0,1857.3874965123,23.08609246980992,42.192059688876334,13.356833737740091,32.815351467772075,1.0,98.72307267507236,171.24363315762923,961.3837363575217
0.8184502778,1009.6485927524503,14.124188428417233,2.4514111914,173.0,1080.9836204853,27.497712292961104,40.16294592072971,21.135246103068123,33.860178466030725,1.0,96.16407370059774,529.8407121082377,802.7723106214786
0.5785541667,609.4835443037974,18.93443286831369,2.9526190514,296.0,955.6689122022,27.495422876141795,49.26081320777799,20.21077503202438,34.780070183391686,1.0,100.35916054025992,843.3371939552306,1356.6333610367503
0.5896213634,767.9517635539768,20.44604039099855,4.500000053,275.1111111111,714.7086906352,26.592688040299848,36.68183070963078,20.224410945718937,32.960965156555176,,97.0946669621483,350.55155187894917,560.8219304499967
0.3804486111,742.221941354904,8.022171963424364,9.8765240379,31.7652411643,374.5224091377,11.00764629332511,13.751500249687307,6.45599286425593,15.559299770252872,,94.49291551292652,237.4817649494953,1618.9978507363205
