ndviM,elevation,slope,vs,vd,ppt,tmean,vpdmax,tmin,tmax,ignition
NaN,829.450703672829,10.3874599433583,2.5,268.6,479.7706247621,29.9672516584396,61.2481564283371,20.2699999213219,39.665656208992,0
NaN,1318.67785228252,21.2172621554349,1.8249999583,77,465.7069992858,24.7810010910034,36.2956666946411,17.2154165903727,32.3475001653036,0
NaN,1495.34385739643,10.9454743599391,2.900204222,225.0085136128,289.5720884878,23.6954067880257,40.7034874739167,14.5115989683525,32.8806063112435,NaN
NaN,1113.89098607722,21.4602610139251,2.3353603692,250.1031131434,463.763803496,21.9881674275996,38.4428723554162,12.0957712176448,31.8812626348452,1
NaN,488.480841746746,19.1271070085721,2.7033375609,256.8498119431,781.5017202011,32.9679404700335,67.7677217513116,24.2960854121181,41.6407308520797,0
NaN,228.727956254272,14.8011349685393,NaN,NaN,NaN,NaN,NaN,NaN,NaN,1
NaN,1709.3821656051,18.8603231455954,5.5646616608,227,454.4978644697,15.4695649561298,22.9450868024239,7.41796400341228,23.5219924348365,1
NaN,630.372020075282,4.33603994903555,2.7179671488,14.2576982779,458.5494281352,29.8828985586946,60.52596149038,20.0792698294221,39.687127347476,1
NaN,570.732701494837,18.5920040076666,1.6333333651,200.3333333333,272.8190002184,21.7550009727478,28.7016497611999,14.938850069046,28.5720002174377,NaN
NaN,172.577046963853,12.8321569466817,5.4719196946,299,191.4554492324,19.0479156752646,23.4175784325796,13.3551827009623,24.7417744689832,1
NaN,717.672798249246,24.0551869484377,1.7073847868,188.9898302771,281.7066393405,21.5841896168776,32.123568882028,13.5729030499293,29.5965729324589,NaN
NaN,520.901185244373,21.3579777884097,1.6096190269,148,260.8163217485,10.6758634421731,10.6504735333403,5.11480571071583,16.2377715534654,NaN
NaN,917.836977186312,14.3756512996466,2.0467030793,318.4752763735,624.8204932822,21.3577936765828,49.9360253999277,6.80532954522983,35.9114019973096,1
NaN,686.825313807531,17.6817470592352,4.4964890608,28.9234454104,442.3933014182,11.2719288311557,14.0905522018625,5.27069612883056,17.2736796755032,1
NaN,1085.96124901555,9.74209760166536,3.5,237.3125,953.5905013671,26.0731799261911,47.6646427427019,17.1613571814128,34.9861069406782,1
NaN,702.684748260997,16.7283616079895,2.3800000668,336.6,624.1796689241,29.5037514368693,56.0466664632162,20.1543332735697,38.8542496363322,1
NaN,578.687735866595,19.1657718565564,4.8000000318,323,573.1571206613,25.970819479319,49.6597650847166,15.5388741451262,36.4037434576995,1
NaN,46.4806744625876,2.32689935044048,6.4929476231,339.1319134073,612.4970977043,23.3232873168983,34.4650612215229,15.0415074759481,31.6060865419562,1
NaN,517.251917482148,22.7901990757799,3.3935853937,328,666.8295319888,23.6906601659558,44.185103571518,12.9602810199501,34.4224318018878,1
NaN,676.568830533355,18.9302490518953,1.2000000477,203,627.4991750372,30.4806844514472,50.3611635573073,23.485959079545,37.4762959826376,1
NaN,515.659915214319,15.5789373829126,NaN,NaN,NaN,NaN,NaN,NaN,NaN,NaN
NaN,274.190264008021,18.4649595158183,4.1597269485,335.9279348926,1226.3634369236,20.2625852138635,36.7886982145861,9.21776589602601,31.3082246728854,NaN
NaN,1009.50883462378,6.98659481187176,2.5768730706,240.0888930852,356.9426447368,20.3434100888491,42.5967656858487,7.45367897946532,33.2343224484217,1
NaN,274.870310825295,12.5447658002824,3.2857234178,41,794.0040070008,24.7993297786062,37.1272723904396,16.1964500193101,33.4033817947227,1
NaN,229.787353629977,17.6766864659287,3.9123535282,164.1235344466,821.5859983003,26.2322511672974,48.0515003204346,16.8492503166199,35.6160001754761,NaN
NaN,1094.41936339523,7.38501462798852,4.6170931558,250.170932675,322.1635893214,17.0360994064861,30.1432257008873,5.59699009716537,28.4767030990102,1
NaN,518.559139784946,10.1408485382315,NaN,NaN,NaN,NaN,NaN,NaN,NaN,NaN
NaN,187.133333333333,8.14151721312886,2.3314700884,314.852990891,394.4990008678,21.6257510185242,31.4067497253418,13.047000169754,30.2054996490479,1
NaN,82.7671641791045,4.93909410624616,2.8998387867,177.2880433519,631.880814106,27.3805829107389,46.6223955871242,17.7869004414748,36.9750130735774,1
NaN,502.023133543638,19.0141975045141,2.5999999046,302,829.2518461307,23.7756823212109,41.6104651554553,12.4428922153696,35.1097023316371,NaN
NaN,506.422137801156,16.3394991785038,2.9000000159,283,933.8198921601,21.381333530379,37.0106149709012,11.5373129498162,31.2260974956672,NaN
NaN,197.927243516181,7.8208668494282,NaN,NaN,NaN,NaN,NaN,NaN,NaN,NaN
NaN,642.300376647834,13.1362324768802,7.7100194352,327,1843.1752429134,14.0754334968767,12.5413212058294,7.71510577837213,20.4367920030443,NaN
NaN,913.928890743758,21.34302647918,2.944444418,63.1111111111,1071.3716247931,20.1905944943428,30.3380313515663,13.8043124973774,26.5779687166214,1
NaN,92.9702258726899,3.4576026690814,10,331,578.8205540419,14.9837402220314,7.19803780714589,10.5960002685462,19.3721730068807,NaN
NaN,790.974229966867,25.8337267689697,1.8999999762,292,633.5003123473,25.7469970530035,49.2647482583989,15.35596868546,36.1390234251186,1
NaN,407.00772307268,18.8145295362064,NaN,NaN,NaN,NaN,NaN,NaN,NaN,NaN
NaN,264.759600614439,4.86270041211684,2.5410093684,335,356.377182878,25.5307081249232,49.9716126230545,15.0884564334117,35.9741678481906,1
NaN,703.893235357683,10.4940475366828,3.6954420006,167,613.4390217018,26.4638102407231,46.456868026547,16.5875975654994,36.3404195807488,1
NaN,550.659408663763,13.1935273122547,3.2000000477,327,507.0146719832,27.6255714361594,53.4358944364346,17.1895292099714,38.0624032239972,1
NaN,656.831368696791,10.1409505268543,4.012903102,168.7419377144,730.3399963677,24.6975016593933,41.9332494735718,15.3790001869202,34.0174999237061,1
NaN,1304.21118951613,5.11648966993896,2.7999999523,260,391.3596550999,20.0750132970084,41.6976069825336,8.64506128815807,31.5054631864084,NaN
NaN,428.653185182617,15.3295529224616,3.6909090822,287.5454545455,491.0678901582,23.8622511227926,39.0864446428087,14.6944722334544,33.0309721628825,1
NaN,1766.30254006653,17.8918614413827,5.2803246268,229.115408887,258.6995937153,22.7189615415036,39.5670097120156,13.9849484460533,31.4540835503546,1
NaN,145.629910694318,14.4762583114784,8.1333335241,324,1536.2453339751,18.9165008862813,20.7427501678467,12.2284167607625,25.6052500406901,NaN
NaN,642.428493912572,15.8200301457279,3.3999999762,332.5,1869.9500192466,20.7747707558621,32.68295538606,12.8878307221723,28.6631749147542,NaN
NaN,638.70413600609,18.426462825211,5.449695926,310,2186.02699396,19.2192511558533,17.2757499217987,12.3062500953674,26.133499622345,NaN
NaN,568.02337369755,17.3359033492074,1.9563908416,254.1427856143,1111.5060063871,28.806001663208,54.8360004425049,18.9827501773834,38.6302499771118,1
NaN,924.609912154966,18.2260595529338,4.3052631679,322.2631578947,1345.0449075733,28.3224445039576,52.9036590186032,20.1069090583108,36.5389772761952,1
NaN,1670.2673314453,15.1836700129946,2.4750000387,137,1250.9789247027,25.3196619919368,37.401589018958,18.2570357663291,32.3832321166992,0
NaN,682.514554877124,20.3021367121627,1.9199999809,19.2,1016.5378375108,22.180251121521,34.2000416914622,12.8437499602636,31.5178333123525,1
NaN,583.291326021934,26.6629212913247,5.8957152984,349.4407170606,1280.7135909424,15.0877999535131,19.9027393492067,6.99189980988891,23.1842188621518,1
NaN,782.766511892353,10.5456891185193,1.7118615411,178,689.0480634342,30.5544152610972,59.0046483411559,21.2299677510382,39.8796697713082,NaN
NaN,314.846515808396,9.59419166240075,2.6499999762,338,695.2294627826,31.6764918408387,65.1494444300558,22.4876832599376,40.8657232139135,0
NaN,383.388951057188,19.0096811732784,NaN,NaN,NaN,NaN,NaN,NaN,NaN,NaN
NaN,427.72244488978,16.3291826039856,5.9675108501,279,1219.2761290598,24.1533563960715,40.4172897608916,14.6465811543317,33.6615151595271,NaN
NaN,422.017730496454,19.5535956252952,2.7999999523,2,3348.9470268211,17.034682368981,26.4221861838283,7.71998355979736,26.3505944526265,1
NaN,501.489479277365,10.5158521376241,NaN,NaN,NaN,NaN,NaN,NaN,NaN,NaN
NaN,689.162491971741,20.3200855656607,2.3198098646,324,490.0209980435,24.8895010948181,40.433500289917,15.7657499313354,34.0144996643066,NaN
NaN,334.788354596009,16.768331318421,NaN,NaN,NaN,NaN,NaN,NaN,NaN,NaN
NaN,419.622285258399,13.3625002300345,4.9005894264,38.0235732625,255.604838392,16.6129140481191,17.8990384227987,9.0389625015176,24.187845581337,1
NaN,402.150837474692,5.49024241066442,2.4122820301,309,225.890840947,18.3039966477871,18.9330535011649,11.0791975508131,25.5299834519265,NaN
NaN,844.191308145883,8.07929795748101,3.8408263665,203.8751451827,341.5298408022,19.3194151790382,31.6237442222085,8.36199563916022,30.2770855700614,NaN
NaN,306.445032475343,17.8663368030669,4.3708971083,300,409.2801016366,20.3534356051402,27.3224986745533,11.2189152002921,29.4882313046666,NaN
NaN,521.393269259739,7.59483938645948,6.4724496302,346.5789318804,1412.547352205,23.2805617062787,36.7246257490208,14.9126317438594,31.6495299414682,1
NaN,601.380160032973,16.5088550967805,3.3545454632,344.8181818182,484.9457491869,25.7000429232915,43.6038750807444,16.5132292310397,34.8877085049947,1
NaN,223.775455158463,19.5098510437613,2.7070771137,267.0707707273,308.8520014179,26.104501247406,35.2097506523132,18.0572504997253,34.1525001525879,1
NaN,750.307840444508,18.7996005086459,3.25,302,3303.5642446698,18.4581255912781,21.2673125267029,10.2543125748634,26.6628123521805,NaN
NaN,549.572473990478,3.63506185486348,2.6774436852,32.7987563233,1591.6619273606,24.6385925081682,38.9518673238308,15.8982327839615,33.3798445560944,1
NaN,579.486083213773,18.4556012033219,3.6268735803,304,2205.6849885825,18.8657507896423,21.9214999675751,10.2202501296997,27.5120000839233,NaN
NaN,1246.77860455176,23.801577912252,2.2437499687,319.4375,1929.6312747175,21.4189406427844,29.8792499344924,12.1137327654608,30.7250861463876,0
NaN,866.101252804212,23.0571663378079,2.4599999905,236.2,1245.1954498268,22.6260010719299,30.6776249170303,16.5209000706673,28.7319250106812,0
NaN,230.70954557352,6.43997215805821,7.9999999319,38.2857142857,1048.3720016067,22.6043511390686,40.2509501457214,13.6030500411987,31.6067997932434,1
NaN,731.687379610473,12.8670556063921,6.8726042078,3.6894850009,1388.09160046,21.1016509056091,37.4091495513916,11.9539999485016,30.2502498626709,1
NaN,668.027149788376,24.3504693436106,2.1153688434,267.5010204738,1759.0381481561,27.1605742934825,49.1313939741057,18.1451101249812,36.1772993143369,0
NaN,1068.52946353915,13.9036515555935,2.8510057184,203.6239355228,867.2678337092,23.0794650255373,40.2823374268118,13.2715847311207,32.8883688557939,1
NaN,222.791723386877,3.76462905462492,5.4751886797,328,891.5041063159,26.2457259309898,45.9574420672127,17.2405153648391,35.2520382158324,1
NaN,729.028539403345,21.5003064606216,2.1254444156,277.7114496017,1888.6900327249,26.5753257637096,46.8662657435868,17.73690210541,35.4148726732551,0
NaN,743.416109202676,14.4733173086649,3.6023479368,293,810.0143249691,23.4412228672853,41.8533538552607,12.0393284104701,34.8442093489223,1
NaN,447.752688172043,12.6063611343238,4.2640472704,25,958.9415786176,13.8703438043178,10.5810538565041,8.50424279461028,19.2372727176275,1
NaN,456.388505747126,17.8815924117673,2.8781374324,182,1065.6203323317,26.8852432101657,45.5810421703132,18.9005829151765,34.8709692236017,0
NaN,113.180162727625,1.96431613695317,2.6990819644,169.907915107,577.1163155081,27.0385641699018,50.8915001878475,17.5692803131607,36.5093715559231,0
NaN,529.456651540482,15.0991503331523,2.7880354114,147,1109.7036504131,26.4583682627174,49.8364618187603,16.4204583513989,36.497402187566,0
NaN,408.444663544491,14.3956178478898,4.8459345131,317,433.6939993962,27.2310013771057,41.4867496490478,19.2447500228882,35.2182502746582,NaN
NaN,758.492155525239,5.25815795666931,1.6695604247,230,848.1198664988,24.1467406813797,41.2284281604345,14.9618504733845,33.3321671123754,0
NaN,180.813688212928,5.63770336551056,2.7999999523,156,809.7194772396,24.8751436728331,45.2658451597872,14.6393569230424,35.1115745691122,0
NaN,1476.34033479049,21.2379166884143,3.0666667024,230,1424.8641994596,21.6613677978516,38.4573666572571,13.1843000253042,30.1391335805257,1
NaN,640.845080652483,21.4570280461137,4.4674761285,321.9888046139,1182.8860044742,19.5811259746552,24.024374961853,13.7263749837875,25.436999797821,1
NaN,369.047591564928,7.82821722652089,3.6138863062,331.5964269222,1089.7688691209,9.96789060124335,7.57279571809211,4.70640626049437,15.229996365453,1
NaN,539.050598945855,12.1235747827716,3.9453202626,42,1393.8853185128,27.7832564157361,46.38737275479,20.3201354960986,35.2473206352155,1
NaN,1324.95600765084,18.4069270874454,3.6252054657,329.2438342498,1714.3452688276,18.9917596386656,32.0875824151214,9.7262456922999,28.2580894305764,1
NaN,900.854955680903,20.6283638074998,2.9461301863,292,814.20326555,25.8070654462842,37.9525186852944,18.6864804217054,32.9286470822282,1
NaN,43.638588912887,2.13323121188011,6.2402555373,353,711.6511347142,20.3371343234379,23.3351326186162,14.0170722108524,26.6577702242431,1
NaN,305.345054945055,13.2212506701494,3.2000000477,334,1590.739980424,27.4447754425163,47.7782701278944,19.428652794416,35.4615559492759,1
0.619575994268038,1262.81084036459,20.8816147143832,2,175,781.0622846862,21.4845722743443,31.0784641333989,14.4833570889064,28.4868929045541,1
0.69636579153605,974.899523416623,22.8217295267827,3.3333332539,311,861.5310020027,21.9321675300598,31.2427498499552,14.3316666285197,29.5338333447774,NaN
0.647738253968254,743.287577866189,14.4047287510328,4.2000000477,316,688.7494983805,24.9982511997223,48.0741248130798,15.0366250276566,34.9603757858276,1
0.72589053030303,530.93591058916,16.1427537924145,5.0333334605,36,954.574496962,25.4920012950897,39.9295001029968,18.0452499389648,32.9393751621246,1
0.725142512908778,563.205809578687,17.0357714524024,3.3873878644,195.3682973813,612.1689994512,27.2376263141632,54.3526258468628,16.9046249389648,37.5716252326965,1
0.725367284247032,1314.43981599796,17.0786244918458,4.0498063412,221.8858667546,767.5934080109,26.824515677365,51.8678819445988,17.7679156767714,35.8819870410164,1
0.747639795918367,581.739612363821,25.5849413724868,2.8292781207,176,730.7261707682,24.7239597742284,46.7940152530596,14.8165342681178,34.6322969116491,1
0.612340968161144,1706.24326266619,8.15484282479113,2.9250734529,184.1390330278,1134.1223899404,23.0927680273836,34.1262910773816,16.6820427210888,29.5042467636646,1
0.632877040816327,820.328113657575,13.5425216757193,4.5137357086,324.014307663,670.7825276483,22.6670429319968,42.4782623008017,11.1956375945656,34.1396712279198,1
0.771020634920635,632.006655574043,21.5082786227584,5.4839409646,44.7662669666,986.253549916,16.4014846921082,20.0937762711266,10.0930296284273,22.7107942222751,1
0.783654621848739,967.777136087665,18.993357352481,2.5999999046,288,614.9812134396,21.716186855066,40.3254528009015,9.54660846053647,33.8870134811378,1
0.637537142857143,664.012054948136,25.4999252049603,2.1853155664,177.2585102405,906.3784642202,24.8464553875974,44.3159210325266,15.2312645092525,34.4626369646296,1
0.774697407407407,520.69,16.6954184207547,3.9220628292,316.857898449,837.0455451579,25.3141393967394,38.9107624150683,18.0317185011958,32.5972034107266,1
0.713596543209877,1454.96116989419,13.3071335716462,3.5340023292,156.9883055451,1358.9361615718,6.25575031040254,3.90859826036786,2.5633900416461,9.94930561851016,1
0.553577272727273,366.436868393542,22.6722268229758,7.0986732342,347.9734665663,563.1114730129,16.3827033705908,18.3724468151719,8.97620586359007,23.7902671398965,1
0.731835177865613,731.728839330968,27.2892760492737,6.319545025,36,1215.951439356,16.6498201586006,29.0598743469388,5.87688505846077,27.4237215720487,1
0.677012592592593,942.746431825084,14.415636205923,5.6309660164,226.1322689861,1011.1379892845,26.5357513427734,50.0787496566772,17.2797496318817,35.7925004959106,1
0.449888095238095,166.828941285252,7.34232976580735,9.2200151634,349,537.3740795451,17.956113325957,20.5077398228569,11.2555090591068,24.6580379235957,1
0.804934583333333,645.704048525885,26.980552905898,3.0289015471,281,1298.3311905871,20.2107778559096,34.0430689428644,11.0086411637477,30.3765142852601,1
0.560069047619048,858.98284045272,28.6676597854176,1.8847183489,130,839.8470685993,23.0043027806303,41.9895830247847,13.4413040679749,32.5687934790108,1
0.735019444444445,350.987358916479,14.8955061288101,5.6242325995,233.8158384472,1624.7989959446,27.3138824353226,62.8472330404998,14.8541661928979,39.7749713200203,1
0.63209037037037,2126.72340425532,14.470516902397,6.0062072692,258,589.6613210452,0.516755186766217,3.24525814091106,-3.65693527318159,4.69167023520376,1
0.719145992755247,1531.58701548783,18.2670399924234,2.1499999762,277,889.7855984745,18.2821508407593,27.7128999710083,10.1465500354767,26.4185503005981,1
0.723957529871348,795.802600538425,22.7404818976733,3.5333333015,154,1261.3196743189,27.4293346405029,56.0974162419637,17.560666958491,37.2986666361491,NaN
0.683169781144781,618.573640293556,16.5513471428634,6.2666667302,339.3333333333,1172.1494968999,22.1212508678436,29.7698755264282,15.0650000572205,29.1780002117157,1
0.593993641618497,355.300422822297,12.5246958114474,2.7666666508,174,1333.4858854827,29.3423737537329,65.1635680559711,18.9524104615086,39.7331917261386,1
0.705019922180977,1718.91172911333,16.8316529778171,3.25,61,900.1597465982,12.173875451088,16.3906251192093,6.74374994635582,17.6050623059273,1
0.812474197722567,677.329280515972,17.689787024538,3.7663002001,358,1317.6049967973,27.3558762073517,58.7483749389648,15.6431250572205,39.0700001716614,1
0.738953888888889,619.453809971778,25.472038655262,2.0999999046,193,988.8794942873,22.3688287816078,38.1070490481015,13.4007500168924,31.3379134123964,1
0.586646428571429,532.617726396917,9.66625262178438,3.5494295329,283,457.1018354098,27.0642365843559,52.7602559363934,17.3699805025071,36.7589903937906,NaN
0.636670161290323,693.867774985502,5.65345013443227,2.8108538939,175.9059070595,929.6914877832,26.332473272066,49.294610212198,16.9217841075046,35.7445080959605,1
0.835244842102113,795.928795835271,29.480800114827,2.9666666985,36,2215.3565010464,29.7766885757446,54.1133754253387,20.7538123130798,38.800562620163,0
0.628624260085979,798.235228038643,20.3351652336888,2.3688358152,272.6192575737,1637.9019750527,27.006426905686,52.8217410736198,16.563286786207,37.4503415016285,NaN
0.433764981211317,1093.65500203453,4.93456613582137,1.8763346969,262.2877220632,1273.7296652774,3.26244411755963,9.7487987918196,-4.70857624511856,11.2337768329469,1
0.788783844189017,1917.94463059139,17.8126934018541,6.938836803,24.1784258312,2800.5377241783,9.87650595106748,16.8434474537719,2.28496459872964,17.4689906533694,1
0.773463888888889,801.075079149706,13.3236319324055,3.882105908,167.4315329448,2021.2326486169,23.28903160607,37.6281824554337,14.7761205931633,31.8031099063078,1
0.741775,233.032288254562,21.0104779342959,6.6309289558,41.7460547399,1286.2679109558,21.3111284810723,32.2576044167433,12.437344852223,30.1853930601501,1
0.696203333333333,610.582693292371,15.7202495778761,2.37293389,241,1560.3919965549,25.6140012741089,46.443000793457,15.8414998054504,35.3879995346069,1
0.565051282051282,1956.37327404634,21.3370160315959,2.1346308919,257,436.042702371,25.0593379551164,38.39563251213,16.4169596264721,33.7025172015269,0
0.712298984366368,1734.83630048352,14.7510316793141,5.6333332327,245.4444444444,454.9778335335,21.5212926599714,31.9945000012716,14.2520416975021,28.7915279070536,1
0.669487332636036,2041.32468350805,11.7590029228524,4.8499999046,240,498.6725987317,14.6649074379666,28.0142445820227,3.65067919187939,25.6803809858603,1
0.620354166666667,902.958203779,24.5436626944127,2.0999999046,310,448.4374982207,25.9905016422272,49.435124874115,15.99899995327,35.9827499389648,0
0.824947727272727,811.813788086964,22.2978116380535,2,283.7066694319,1597.4622175673,25.8997104884711,46.2525768424185,15.6296806557359,36.1706366059817,0
0.839986764705882,666.150822595024,26.2190523534658,2.0799680983,282,1461.9622557776,26.0530432485192,50.1431191745034,14.9061528886383,37.2006013659569,0
0.506884100877193,240.031625248232,11.6296639605585,3.375,92,124.4995003621,17.9200006723404,21.1013751029968,11.3816249370575,24.4590001106262,1
0.60372619047619,480.605150214592,15.0487215728079,7.0132554773,70,98.2258385962,20.0639088080241,29.319264994397,12.1551790845586,27.9735956901505,NaN
0.735336811708902,811.272609238667,24.4069317814113,3.5378378211,312.8648648649,713.63610157,25.6084262132645,47.2571250677109,17.5003312110901,33.7174937367439,0
0.741620421246994,1012.14428776338,17.7496912918419,3.024999996,211.1666666667,1159.2336878134,23.4502978920937,34.57828104496,16.1899844706059,30.7114689052105,0
0.769733199649711,1211.928917047,25.2411425583401,6.1000000636,183.2222222222,1700.1714995148,17.4873258590698,28.3168499469757,8.87612501382828,26.0995249271393,0
0.734183062537585,998.250282623744,19.0964689728453,1.9285714115,142.4285714286,1328.1462517983,21.8461573123932,36.3332810401917,13.9503437280655,29.7430936098099,0
0.600471579264617,750.911439171513,19.2256222834989,1.5888888836,257.2222222222,611.6055564473,23.5212233861287,39.6234164767795,14.7404444482591,32.303166548411,1
0.798530901992941,1054.88494403989,24.0786655281113,5.0142857688,169.2857142857,1053.02857086,17.8678937298911,30.7415715626308,8.07110714912415,27.6658569744655,0
0.802288374557623,1119.4949630783,25.3950425894034,6.2285714831,175.7142857143,959.3231676049,18.1969590981801,31.9554580052694,8.185666680336,28.2091666857402,0
0.81812333012334,976.773114481612,24.6987353273882,5.3499999841,178.6666666667,1015.5200012868,18.1360008375985,32.8800717762538,7.63596430846623,28.6369644573757,0
0.799543462364712,1071.51462323174,22.0548412388399,4.8833332062,172.8333333333,1030.7390006527,17.6039384007454,32.5805622935295,6.7457187846303,28.4632812738419,0
0.803460173434999,838.136481968651,28.3654895955551,3.1333333651,170,1162.803998036,17.9846674601237,32.6471667289734,6.90033328533173,29.0700833002726,0
0.833846996669883,740.568229265515,25.8138409741568,6.043552117,187.9651060669,1714.9459964242,19.6648755073547,34.727249622345,9.55775016546249,29.7728750705719,0
0.733694218943699,1103.48686452532,17.3480701712451,2.25,180,1128.3223087391,15.7277787064304,29.6727166145484,3.59861652106232,27.8579749166209,0
0.778809825870647,642.255031578947,18.8264759526315,7.0775412791,315,812.2575451931,21.402041774702,33.0558234891869,13.485198393623,29.3197299125287,1
0.679951282051282,419.907289029988,15.1848454077523,3.5999999046,273,632.6309780682,26.215365166279,55.52204591092,15.8128308006983,36.6187863391355,NaN
0.757745578350342,1490.65024136418,19.9066339627746,2.5570241489,187.9868308739,779.0951413604,21.3538253765369,35.9580269471407,12.8943508489954,29.814138922589,0
0.510135057471265,909.976172953082,6.01025842863042,2.4000000954,202,391.7187010713,18.7178197139121,38.7422423467742,7.00255244068796,30.4342763392447,0
0.878610752688172,236.618373551207,20.4777756113953,3.8605145583,324.9639478971,867.0649455957,16.0804792201825,23.4974771896574,6.91138698497017,25.2508195179881,0
0.835332371794872,949.601392319784,15.6195684870475,2.7115948903,198.9129263305,1031.6391755193,21.6077354834295,42.1281521936328,10.9136105854699,32.3031604339397,0
0.650442592592593,78.8579881656805,9.63779066067475,2.4044313338,303,467.1863992949,17.4435962721153,22.9753179939505,9.57323134231142,25.3151998832224,1
0.799453125,484.158296943231,7.41782549200403,6.6264264911,331,1120.5290001556,20.1925010681152,32.5234994888306,11.734500169754,28.65149974823,1
0.65902380952381,980.278355173972,8.15463177405274,2.7090817148,159,622.9069131388,24.1649663420084,43.161010437507,15.791516209698,32.5391817890049,0
0.781612698412698,748.642890226957,27.6523867386974,2.5999999046,232,803.7033411244,27.4967249248719,60.9592830863103,15.5837738737708,39.4104392040044,0
0.80306875,387.626978664831,18.1624422237041,3.7999999523,269,624.9263222083,25.386165974238,52.4179295431329,15.6498337900946,35.1234819663794,0
0.616079456380078,1421.73463209162,9.85355352884771,2.2000000477,250,384.1540005588,24.1055006980896,41.7046246528625,14.8862500190735,33.3259994983673,0
0.672004696330481,1732.61712729051,12.8896892045117,3.2179384843,160.4785493261,989.0086663564,18.3468340237935,22.4321667353312,11.9485001564026,24.7462498346965,1
0.742399883517763,1011.17128593562,25.5002031240377,2.0868779416,185.5186026766,944.9415013455,25.7757513523102,47.1721253395081,16.9918748140335,34.560375213623,1
0.715715104166667,463.845185593532,20.9366280064658,2.5458828774,297,820.0530604028,25.7700352240031,45.7162082753204,17.244626428531,34.2965503814533,1
0.59802688172043,1190.37880387828,15.725517730827,2.5,251,489.6346757754,23.627717013575,46.003442889626,12.4129047991491,34.8435282018473,0
0.676276984126984,773.375120076849,16.2219042477224,3.0999999046,293,726.4188936828,21.104228057052,37.7096480442993,11.0760920449925,31.1334821532292,1
0.742527272727273,769.377432930037,21.0975069757639,4.4625110759,2,1257.7147864002,17.0989176467919,13.8820981631401,13.5032859008118,20.6955464486675,NaN
0.630157429748062,986.683883116446,28.9591837728499,2.7717047514,22.5007501931,1381.5742563283,22.9296073233267,35.5593526765928,14.7360114804055,31.124068515513,1
0.742843768735564,1226.78178963893,17.4200555052702,1.3189638948,296.6940058304,2232.9857282478,21.2697473463105,40.9284035774324,10.2657366425939,32.2747584572211,1
0.450082598039216,1115.24219457945,19.2816856115533,2.4987025135,344.3179409251,608.5375547016,22.7195392633719,38.1224172107393,13.7056131291601,31.7343327114531,NaN
0.733309583972746,1444.81857757856,19.2098518441678,2.9294117619,253.1176470588,800.6315804513,21.0340947508812,31.8333280086517,13.5376405864954,28.5316562056541,1
0.773004991269249,1228.89304037006,19.8306455483427,4.1555555132,334.1111111111,1335.6443495455,21.3049386342367,35.8120832443237,11.9985207716624,30.6123959620794,0
0.66859725361229,847.95645234295,17.6241031325172,1.2714286021,300.2857142857,560.1696624466,22.5144698023796,34.546093583107,14.7524062395096,30.2775002121925,1
0.688117168898809,1014.86939971276,10.4225900589586,3.5666666428,4.5,752.3149143449,28.9060430526733,52.164500395457,20.64608335495,37.1669583320618,0
0.76708420148225,1087.64182783466,26.45424688042,2.4000000159,247,1245.1689524708,24.3137927850088,41.9366669654846,15.2725832859675,33.35600010554,0
0.785233706467662,1049.43502915103,22.491953223808,2.7000000477,28.330021216,843.608456197,19.8228708824267,39.3249614773258,8.24366344941591,31.4027484366656,1
0.813380128205128,621.424929934606,23.6580202161538,2.7090339643,4.9096263233,992.0860587967,26.1715466465489,46.786209749899,17.6484617538557,34.6956726819704,1
0.809384226190476,744.504960621868,26.8944928742746,2.4069556509,155,843.2420066306,24.8082513809204,52.6125001907349,12.9522500038147,36.6655006408691,1
0.667291477272727,1867.49474009901,17.6494877325823,3.2746665674,190,912.6597616402,23.7003893923697,38.1197523847545,16.2718582684836,31.1295799488176,1
0.617496078431373,218.742624618515,6.59059698320357,2.8087748325,231.7327074706,767.3665890811,26.9255744157091,45.7847179201525,18.9889116527738,34.8634644235643,1
0.75588869047619,536.069422079084,19.7169412740933,2.9787279774,289,1171.1499616537,26.9495479023915,50.1652373501093,17.754240350825,36.1458863270339,1
0.626843055555556,563.838276440963,12.9967477480059,2.9000000954,105.1956511375,531.9284008462,19.8077511787415,29.0739998817444,11.115749835968,28.5014996528625,1
0.740016666666667,543.664705882353,20.0970829278036,2.5,207,1166.5268993851,25.1457509994507,50.8282499313354,15.051500082016,35.2410001754761,1
0.573652083333333,1016.96595744681,3.54484676139574,2.7000000477,218,653.5066917507,16.9300010204315,37.1154999732971,4.14024996757507,29.7202501296997,1
0.718116921885501,1441.80066847021,16.1326885605387,1.966666653,189.3968253968,730.354630308,22.0406582509318,40.4579678427789,13.2269717608729,30.8553105169727,1
0.835081574196783,929.120821615185,27.8946907631749,2.0833332936,251.6666666667,1181.6744286871,24.2088226590838,44.3579284123012,14.1729999950954,34.245571408953,1
0.796202880156453,1112.9403920729,26.4820557893357,2.0499999523,292.25,950.0974013273,22.725901222229,37.0757503509522,14.3020999908447,31.1506503105164,1
0.533191287878788,271.92197330895,6.36107012352851,2.2999999523,326,740.2440044134,25.9298763275146,47.5963752269745,17.2607499361038,34.5996253490448,1
0.754735714285714,212.489996152366,19.6806972378169,2.9348982241,170.0786503838,278.7040034756,14.1715006828308,18.0937497615814,7.97650015354157,20.3677496910095,1
0.750657407407407,184.410703363914,13.3384033084736,3.2999999523,177,1050.5499858341,28.6805695483317,62.7170662499443,17.053053894347,40.3093114360319,1
0.793872727272727,1407.77864992151,20.514716383177,3.9000000954,170,740.7378366003,20.4611916811046,42.4361872205789,9.30156310478306,31.6219051909611,0
0.570108333333333,120.525732899023,5.247498802001,7.5,173.4313842806,604.1081765359,18.0064972341011,22.053776405682,10.8194960689967,25.1945167612064,1
0.778098297131039,1268.35774235378,24.7724088708784,2.7405405367,44.2972972973,1023.5249996059,22.5351462671834,33.3676129310362,15.0206290137383,30.0507418724798,0
0.782444642646952,1346.91624872638,16.1842258408355,2.3500000347,280.5,903.2624148392,22.3553656538328,37.7190624674161,14.5585416605075,30.1531146764755,1
0.776336149544209,1479.54624354151,26.2215024872406,2.4400000572,234.2,856.1329089748,23.8768874948675,37.5542500235818,16.7090227820657,31.0459088412198,0
0.732361733527579,1041.26189999513,18.6875330256521,2.4333333969,261.8333333333,508.0965548964,26.3543070157369,48.464583184984,17.8814443217383,34.8282222747803,0
0.667309260933288,1427.63947877509,10.5591124846372,2.2111111217,184.1111111111,503.6876676802,24.7601122326321,42.5704167683919,16.7252223226759,32.7962498664856,1
0.868911617405583,613.036045140643,23.0003723994033,4.7000000477,334,1005.8146660702,24.7362511952718,46.2668333053589,14.8761668205261,34.5973339080811,0
0.678261403508772,1434.95228738785,18.2843182249071,2.4000000954,15,486.5153472194,21.0759252201694,27.4657279999207,14.3563054551352,27.7961758734478,1
0.585858208955224,343.947482603357,14.5274012506496,3.670256902,211,520.8047840826,24.2610491905147,41.0861069129408,14.5570049433289,33.9660585392606,1
0.660971268656716,459.72144546322,16.1340958814843,2.4755504003,221.0137394985,589.5524973422,22.6213762760162,34.0571253299713,14.3224999904633,30.9212498664856,1
0.5691725,846.756111590451,11.6386189192302,2.1069894533,227.1263066238,367.1104928326,26.9311641956979,51.2529332623832,17.960302775451,35.9030709618657,NaN
0.750313888888889,598.73555300421,15.7853288642529,2.2084829966,205.0234900855,699.7797818547,24.2442236507055,39.352739503634,16.3792522861153,32.1099843425594,NaN
0.603055555555556,490.624398775689,15.8890634549722,2.7999999523,316,613.6728836058,23.2625352030757,52.0019113392688,10.6888102584713,35.8370083488864,1
0.661655952380952,1080.5142337977,10.9291666286018,2.6271579119,201,430.0746667523,25.7740151599033,49.4605584619925,16.7321565565329,34.8170837572996,1
0.71398125,899.722694571615,14.9186804730024,2.4998908698,179.8144784232,407.394822849,25.3541478268865,46.3833788429339,16.0184266995036,34.6903780601044,1
0.622075,637.917197452229,12.9822186071739,1.8128616658,235.2470213769,740.0730047673,23.6912512779236,43.3037490844727,14.3532500267029,33.0297503471375,NaN
0.649465223840345,564.293064277179,12.5488804984953,3.8823529272,278.9411764706,873.8151979309,27.5452178955078,56.8016498565674,18.2717500209808,36.8195501009623,NaN
0.708518238177624,599.418176763214,14.9404283682224,3.4166666402,201.6111111111,621.4831248763,25.003720074892,50.5987656116486,15.5587499886751,34.4498126208782,NaN
0.803230546915685,1048.03951290064,25.1709399300746,2.612499997,95.5,1018.577250749,21.6402353942394,39.3174217641354,12.2922344356775,30.9892812073231,0
0.820535490543735,1238.27048622414,17.1667878503,1.974999994,207.25,1675.1003343521,21.4845841328303,39.271541595459,12.0343749523163,30.9359165827433,0
0.501084745288828,2132.99806138295,18.6507728667901,5.25,223.25,496.032332731,16.1061673959096,29.6857501665751,6.23158331712087,25.9818329811096,0
0.789454625550661,946.005601273241,19.7863084245351,4.6499999762,287,1003.3896628121,19.3885842959086,32.8276664415995,9.61174992720286,29.1664169629415,1
0.776596462264151,971.232407697441,21.2227671893949,1.8999999762,122.75,953.3285026036,21.8526258468628,42.5811257362366,11.3873748779297,32.3190004825592,0
0.807391198501873,1222.79068059149,19.074100006299,1.5500000119,191.5,1416.5032539746,21.3720012903214,42.8053748607635,10.3356875479221,32.4091252088547,0
0.700527836879433,985.022128919719,16.4540917811544,1.7905870238,165.3506181118,871.8473342607,21.015834013621,44.9838325182597,8.85875002543132,33.1735000610352,0
0.768838024691358,1039.66536116521,18.2396315968028,1.8000000119,208,1322.7249903789,21.3573756217957,42.4326248168945,10.1555001139641,32.560250043869,0
0.752200801282051,967.953425809163,17.7280715433768,1.7565768475,175.0407225041,912.6107785037,21.1082762332949,43.7280054606318,9.44020577629425,32.7773611864131,0
0.700243970024791,1412.15138717633,18.0576878565528,2.1999999285,134,431.6359367754,21.0153155263872,26.7058909380882,14.1214732072594,27.9102221787231,1
0.85057358974359,758.432844123059,21.315011721182,1.6999999881,216,1045.2592751237,22.698030206963,48.411776209552,11.0396814021367,34.3573131463058,0
0.712514673913044,1240.37104804581,13.7511862685595,1.8913554675,165.1503359384,1317.7022594431,21.3437650743886,38.9258021850127,11.7409773835702,30.9475672742552,0
0.7969609375,551.784379734052,21.2312689930115,1.8999999762,199,817.3038111789,27.7634922221162,61.0523601636826,17.7290657654557,37.7989177727327,1
0.560005357142857,663.471507528111,10.6804454077681,2.0498143181,257.271588415,331.7020489172,26.6307780924895,56.4717163979233,16.3207538153375,36.9414374457058,1
0.812452777777778,296.596781403666,19.537698431784,2.4000000954,216.8926720213,1071.6683781782,23.8316220429484,47.7418850880003,12.7225583346887,34.9416280918623,0
0.732702272727273,768.413865546219,20.4553623709108,4.3081907982,310,824.8368172517,19.8734476294462,29.7822475528575,10.6508540825624,29.097030984704,1
0.851621296296296,799.710424710425,21.4176356422771,1.8756091792,214.4878158224,1050.2759236873,22.8091750682492,48.9766662080933,11.0539927745659,34.5653578890062,0
0.672063821138211,538.593914106899,17.3106711373214,3.0750369125,229.1895012021,361.1592226582,22.3049773883905,37.0796968016381,12.4321836782507,32.1783696946556,1
0.741433199392876,757.974188481327,23.6834163464054,7.6606060664,344.2424242424,1067.7438617156,20.1218973850382,27.1387845565533,12.9167585290711,27.3280948277177,1
0.751686292306679,1023.19219767869,19.5155907380135,2.1875000298,241.875,995.2407802638,22.3435010910034,41.0176668696933,13.5818055735694,31.106166627672,1
0.798602867383512,669.741119282064,24.1848210549737,1.0462495312,230.1630506863,1278.9995024365,25.5692512989044,46.6628746986389,16.8006247282028,34.3388752937317,1
0.769082888888889,630.45878051657,21.0567633502091,2.7244973266,164.2248651128,1058.3757210184,19.402965913989,25.0154196273957,13.5134925469198,25.2932198400985,NaN
0.552111458333333,456.139504680013,9.41045475439478,1.8987964472,304,751.1811686539,24.2202986603496,42.4856423453989,14.536508674333,33.9053126827354,1
0.610300833333333,375.67793382528,20.0796900892209,3.3524651016,134,1344.8453065413,21.865991594657,29.0425010443233,14.9169023219284,28.8158335896134,1
0.850584166666667,315.467438494935,26.8827141462118,2.9868017082,222.1266231544,2671.5614715601,26.3604008702988,54.3861343355495,14.7018891443647,38.0196122493231,1
0.596040625,429.708235294118,11.3627427152793,2.7000000477,172,885.3561746976,22.5112517014513,36.085348186574,13.417136516332,31.6060377481106,1
0.60593125,736.243008079553,17.9504918027102,2.0999999046,205,826.1569961829,27.9547514915466,58.4820003509522,17.9125003814697,37.998498916626,1
0.498277777777778,1112.32,12.0706678489671,2.2999999523,298,338.1882315851,21.2336157711219,33.0876286101683,13.0805429086409,29.387841050193,NaN
0.625975834445928,485.00303140951,15.5046955990983,2.4181818312,213.8181818182,458.591888791,20.0813065105014,33.4050833384196,9.7315554883745,30.4323330455356,1
0.735103057090239,332.106455262569,14.1541075158314,5.9818181558,321.7272727273,1640.8421983763,20.0594342549642,33.1264002164205,11.688100028038,28.4317831993103,NaN
0.681508673061551,350.714289120431,13.8006009923451,5.6000000147,317.0769230769,1319.6432728329,19.7237054217945,33.4022498564287,11.0808637358926,28.3674999583851,NaN
0.712179730386454,272.050643706909,13.1286313228179,5.7818181298,188.4545454545,1624.3830018619,20.2830321788788,35.5455937385559,11.191250026226,29.3758123517036,NaN
0.677455425067082,1355.44195159431,23.0672330447749,1.3399999976,214,1279.1963721867,26.5575013756752,42.3196874260902,19.9654061794281,33.1507186293602,1
0.71063425,517.714807110803,15.707522190096,9.0142856325,294.1428571429,1799.4411835704,16.2562279701233,31.3119319135492,5.25193176486275,27.2614092393355,NaN
0.809991459581431,1156.12067970195,22.5063797403881,2.7875000238,180.5,1840.3004476456,24.2095011605157,34.2899445957608,17.6379165914324,30.7820555898878,0
0.728580501102886,933.667905871167,25.6457957120927,3.2599999905,321,1636.8379956644,25.6646885871887,50.5036246776581,16.0769376158714,35.2535622119904,1
0.642026162790698,273.449747840579,8.40434068731308,7,259.5,1424.0067542367,19.4057508707047,31.5320001840591,10.7693123817444,28.0431251525879,NaN
0.705376990595141,1652.59457345601,15.2424573886051,3.3000000715,148,2117.4203423886,25.0101677576701,43.7400000890096,16.2771667639414,33.7440835634867,1
0.640888353602635,2048.75364543361,17.3368769539594,3.2440601729,221.3893537841,2144.1555041384,18.4206259250641,27.5175001621246,9.93525016307831,26.9066250324249,0
0.61387109375,436.483568348677,10.7275132796004,2.1263494275,223.3286265406,1931.229508053,26.9308762550354,43.0394997596741,19.1838753223419,34.6788749694824,1
0.775949871314938,1667.65292639429,19.4828254088298,2.1049916482,194,2316.895699839,21.7466652383853,33.1635353581498,13.8410819288534,29.6532348733887,1
0.783811994949495,677.154974601506,15.252606013608,3.5210212632,137,2571.4548447029,29.5505711938203,55.3643406788213,21.600147912387,37.502062824671,1
0.580401666666667,492.734114645619,14.2404344804899,3.4000000954,109.1889231066,1346.4763843729,16.9484299403524,33.5114536943218,6.00036588662931,27.8973540783917,NaN
0.657567708333333,1234.19316361047,16.8735257158749,2.9000000954,87,1728.5513771346,28.3850195589243,45.4933769975105,21.7072963344385,35.0631106611652,1
0.698103571428572,567.767945146775,14.3127753497294,7.5,309,1966.644847037,18.5590296103733,28.9416898074054,10.3858249060602,26.7330774560563,NaN
0.620060416666667,162.673600354061,7.68902697142285,6.2999452508,328.9917590227,1510.3682512228,19.9414931823648,32.4895506312484,11.6002691541843,28.2840070570782,NaN
0.583625833333333,601.627593360996,7.77561068224926,3.2343340779,96,1272.0214993599,30.2607364562197,57.3075036699396,21.8957020391414,38.6263221416538,1
0.705015476190476,669.768472906404,7.98458576822996,3.1988618432,161.1138202855,1910.903835477,30.8583202402286,67.6291688256612,20.9839744528732,40.7336053691336,NaN
0.847954166666667,448.27267699115,22.3826143179847,1.8999999518,148,1978.1977336886,17.3297085830749,24.6971988770699,11.1148477038917,23.5455668273331,1
0.499632575757576,97.5739718941288,6.89677440938749,6.7383406557,54.0229478141,452.1368763827,14.8482828148938,19.822446369379,8.20062632597154,21.496979814405,NaN
0.694786060151959,936.41061449161,17.4326007643628,3.4330097067,290.5436893204,721.5383799759,28.7106639099121,52.4192249917984,20.6793525242805,36.7428601026535,1
0.72021255112451,823.489156661564,20.4327757959244,1.5140350827,216.1228070175,799.8041784992,27.5627736449242,46.8231116277831,19.5537142711026,35.5728660566466,1
0.677893381730877,557.167444964839,14.4315791857663,9.0171428135,132.8,1043.5901127974,16.3280702431997,24.345944431093,9.61706252230538,23.0400347444746,1
0.66783251341904,1237.25387191445,23.1729774766642,1.762499998,226.2916666667,807.7499549327,24.8606488487937,37.9260793599215,17.7804318016226,31.9418863816695,1
0.767085710138991,1030.35132471143,20.1924726305033,3.4062500298,135.5,1020.8892509602,25.1969699263573,45.4804843664169,17.0525468438864,33.3423907160759,1
0.66791009270965,659.601440287051,14.4367412883622,8.0454547622,329.6363636364,718.2060839008,28.1172721385956,49.8169374465942,20.1103332440058,36.1251668135325,NaN
0.640297743872346,2184.54216972077,19.4412828376332,3.0888888836,190,1209.2462873998,20.63121509552,33.7456428664071,12.3260357720511,28.9373571532113,1
0.823397073412699,811.045522911862,19.5240791741231,2.8986526588,236.6568347928,1007.7506076269,21.9369936620506,45.5612477466549,10.1982542775937,33.6764170375351,1
0.531191666666667,241.049410698096,6.17056670857903,2.7999999523,304,604.462072973,28.7949871068239,55.245455489419,20.3514947346791,37.2399671155995,1
0.657083333333333,1223.66420845624,14.7374181078716,3.2000000477,128,742.2221241672,18.6596741803593,30.1805048346444,9.57347148678071,27.7463903273096,1
0.661035454545455,1658.49065420561,8.42232482783864,2.7999999523,124,1062.9337329382,16.9791371307018,31.0986871824312,7.69846767181905,26.2608039890948,1
0.473893518518519,630.880877742947,7.32585234187987,2.8948812959,242.584210507,219.01099856,21.5497508049011,34.9207501411438,12.0337500572205,31.0665001869202,1
0.658899996022305,363.539128311009,13.9592519308062,4.482352958,229.7058823529,1457.9029027902,18.1104638122377,24.0559286560331,10.5314166545868,25.6896190643311,1
0.636324773849734,1695.11802058244,13.9760145210264,2.0999999642,175.9166666667,895.2741446065,19.4356459208897,30.9788749899183,10.8936786396163,27.977714232036,1
0.640960462962963,848.205076628352,22.1444932463116,2.6820426488,104.6025265079,1128.886978718,14.1273233691664,23.2532621947473,4.71676252636038,23.5380055213604,1
0.51187,414.202002503129,13.9972166212539,8.3000001907,168,1346.6423102934,18.3807573062657,35.3463754998869,7.26232539474468,29.4992405797068,1
0.631935714285714,323.262464387464,13.3783638369281,4.4000000954,181,1893.9483455138,25.1357532498059,38.0090743010514,17.0692953298057,33.2022626880742,NaN
0.493975,223.886278697277,3.05805683667432,2.7999999523,170,359.5074982708,19.6804366368182,28.8842399539559,11.6522270244808,27.7087418508353,1
0.726001119814761,1215.81196231597,18.1774279948343,4.462745099,184.6941176471,762.6623603137,25.337959154129,42.559334980011,17.3653570194244,33.310663974762,0
0.584529421755446,1831.45499288886,14.9908947816371,3.0090909045,137.4545454545,577.5033691916,21.4878899273665,29.5308043438455,14.8404130546943,28.1354673841725,NaN
0.77159182154105,1165.11168662962,17.3655085787897,2.4435897332,145.8205128205,1079.4798046806,27.7336044660429,45.2660579739547,20.8372499564799,34.6300579803746,0
0.816021334960857,699.627769950045,15.7239267333589,8.1609755842,98.3170731707,1220.9034356889,24.1454019913307,45.4025642077128,14.6675448784461,33.6233590199397,NaN
0.78236039266864,1240.55408972589,24.1725252373422,2.7131579361,12,1110.4787579855,21.9540797826406,29.1175201390241,14.8508851270418,29.0573783822962,0
0.703397926507842,747.236990195428,21.1294340221159,3.7692307601,313.7307692308,812.824407445,29.2725093629625,48.0520186424255,21.9876018100315,36.5575277540419,NaN
0.861049472820254,380.381632499629,16.52398197796,4.8099999905,310.35,588.212105462,26.3937692140278,43.3003160702555,18.2653289217698,34.5222897027668,0
0.709954764079148,429.724038910039,16.7786873698793,5.5749999881,221.4375,535.9310597384,21.5464643029606,27.1554264461293,14.198132388732,28.8948970682481,NaN
0.778619656699889,326.931007023523,18.1072911800459,7.1583333015,304.9166666667,747.1066170511,28.2085895171532,52.2410964232225,18.8997497741993,37.5175384374765,0
0.633487307027472,1701.44590556243,13.2852729013766,3.1428571088,142.2857142857,459.3048738229,23.4914244413376,35.741624891758,16.2801562845707,30.7027812600136,0
0.625475035712319,1648.76796118289,10.2031524309851,2.7999999523,287,428.4455009535,21.9826242923737,41.1019997596741,11.7583749294281,32.2070000171661,NaN
0.639296921921922,456.358038653899,17.0198836206368,6.8499999046,330,476.7804992971,29.5510866641998,53.2038750648499,20.8032500743866,38.298999786377,1
0.658779861111111,1729.61012658228,10.5640453420265,7.5926177659,55,1102.3875759927,25.2480769854347,40.3279201296334,18.3740146247567,32.1222523426678,NaN
0.623514492753623,431.001881214727,10.3411229531897,3.3540660578,262.716936673,638.5657143603,30.0660762183776,57.6124905070446,22.1873587016852,37.9448944422619,1
0.802144907407408,515.403223330775,19.4201132586939,4.3000001907,334,736.3081302212,22.7688869123006,42.3041402167841,11.78908409597,33.7487912883713,1
0.571469047619048,308.595134004942,12.7866339368005,2.4594508526,138.889761573,528.1336572994,31.1187514642646,61.4869279584078,22.7184175285133,39.5191858067286,0
0.596382692307692,526.254740834387,13.9175019119856,3.8007203758,319,531.6801341149,28.0844554063164,56.6742607106051,17.748637526292,38.4204250803859,1
0.680711111111111,588.439900249377,10.8734835626181,3,311.9943416369,801.2567173552,30.4872946069674,58.6310808661863,22.1386288423528,38.8360742000571,0
0.522082116170456,1369.96565461789,22.6359750265289,1.7458333274,125.6666666667,615.8217781663,27.5684910526982,43.1886018293875,21.8746758920175,33.2624165746901,NaN
0.649039305073428,1701.1382145045,12.9082345597215,3.3100840374,219.2983193277,500.9738461248,25.4390419686394,46.1544863423215,17.1568340470519,33.7213864306357,1
0.761148786898063,1016.56108826251,23.731666936074,1.9315789269,257.4561403509,556.9738555127,25.1891889225353,44.2179134022106,16.6344186306,33.7440995909951,0
0.722933989167144,1736.61636695211,14.3576123284579,2.7923076382,317.9807692308,655.7123976535,24.7954211411653,39.77236200262,17.4250504838096,32.1659306861736,NaN
0.741705240119165,1582.61261192911,22.7957098534699,1.6687500228,292.9166666667,687.6599891486,21.9766686879672,32.2432521352401,14.9547707117521,28.9987089083745,0
0.548922591934402,1652.0440175708,6.79429538897686,1.6702702464,211.2972972973,369.9838408491,22.0171126484871,32.6583334684372,14.4645696282387,29.5697930574417,0
0.634156161191996,1032.64641169628,17.6166697952449,1.7966666738,249.8333333333,468.9802530683,25.3350493825715,42.582140215512,17.7196668674206,32.9505793143963,0
0.650257374135346,1619.13236020786,22.1779215318067,2.8523809796,256.8571428571,336.7758935495,26.5106409920586,42.7243337101407,20.0967105759515,32.9247060351902,0
0.480214315459621,1580.12727077259,13.1962278056522,2.0437499732,199.6875,426.0879459377,20.4930054440218,30.6695535323199,12.1939070505254,28.7922493429745,0
0.532656059778773,1526.76813907515,10.1386359217607,2.4400000572,12.4,379.6078428128,21.8327620029449,36.1428198019663,13.8589245478312,30.0714167753855,0
0.736931094527363,552.839390174096,19.0970213289402,2.5666666031,230.3333333333,704.0218850008,31.3966495196025,64.7781982421875,22.3710330327352,41.0818335215251,1
0.645438489208633,402.60047155305,15.6943398111457,2.9000000159,240,645.2083835666,21.1147992610931,29.8403112888336,15.1818619966507,27.0478618144989,1
0.708255625,640.611152166611,14.5588461885426,3.5175057132,165.153508443,588.0898880506,26.7882985167595,50.7220036037753,17.821790300085,35.7549599848598,NaN
0.801777845528456,487.063375680581,18.4791465192741,4.3731848659,350.7173275854,824.4074943085,22.6493244966508,41.9957898683587,11.932171786748,33.3666700540494,NaN
0.51165303030303,239.251557812139,8.04008249793019,3.4055868549,156.1754261537,459.1651045691,30.6845435320276,73.6266601693001,20.7284551486569,41.3246411063022,1
0.56940462962963,513.677128820961,18.9486846966612,1.7000000477,297,416.2852307235,22.4134756376171,34.5812577652387,13.9506913858608,30.8764099237792,NaN
0.594080555555556,268.8608033241,9.6166637204897,6.6999998093,331,455.9635652937,24.6599125676741,47.5722820330646,14.0803926142311,35.2395655080793,1
0.471183888888889,722.645413142485,13.1972315709184,3.8946004312,252,304.0050688204,20.16427461647,21.2905371004626,13.9394862851217,26.3891942256587,NaN
0.764355941328,1036.91108799791,22.5530235846383,3.2722222275,202.6111111111,1219.6184334718,31.828228172503,63.8285631380583,24.4613190701133,39.195275356895,1
0.645368973293105,1007.49632219556,19.5498703633687,2.2499999851,334.8125,517.0898406724,30.5005068045396,53.0743814615103,22.1799032504742,38.8212377841656,NaN
0.84193141404735,760.615091454518,24.0596421018323,2.4500000179,215,1209.8999808806,25.6974274516106,37.9742990136147,17.9493215084076,33.4456679224968,NaN
0.6419032624406,1081.38500505646,14.13017236051,2.375,329.5,622.843667059,28.0633784929911,47.807711760203,20.9270286560059,35.1998778978984,NaN
0.70125251112491,1818.36958790714,19.7148881729342,3.8500000238,197,783.2672010265,14.4545272796252,14.8868893830215,8.08221374813275,20.8269996697877,1
0.597841547619048,440.307437756067,22.6650278872044,2.5579978284,228.9665188201,680.903834105,20.7595496177673,33.0954241752625,12.3198124170303,29.1993992328644,NaN
0.602912820512821,785.477801724138,7.84211151170833,1.5539676431,174.9687179041,536.1339351977,32.7847607776969,66.7675983454862,24.7080258410082,40.8615953737231,1
0.69156400462963,253.586973180077,23.6963805288191,5.9375653339,348.2504351627,756.9835022031,12.4026560147669,8.96519333862803,7.43821248782227,17.3672072102353,1
0.559465476190476,165.636732329085,6.20864336857376,2.0297378215,186,512.6978884353,29.9993495941162,68.346097946167,19.4213991165161,40.5774736404419,1
0.367891666666667,1722.60958764981,15.5201488092085,7.6999998093,244,328.5725620021,22.3473321888041,33.7728011993393,15.2513197166574,29.4434558131774,NaN
0.782132960233144,605.928450492379,18.8788236680117,2.1391304265,331.2173913043,2222.5539239108,26.0669493891976,52.4132760654796,16.8267291242426,35.3073071349751,NaN
0.799394670814798,855.682744751957,29.3736690117191,2.7000000477,43,1442.3571607404,30.0067868232727,58.6652226448059,21.2941617965698,38.7195496559143,0
0.664874490674148,803.601488155497,23.298549780538,2.7000000477,332,492.3529365413,28.1069993972778,56.0295858383179,17.8355872631073,38.3785238265991,0
0.587811205673759,2330.66516895427,12.4394520128068,2.5096219497,256.1564499634,1991.4169499421,11.2438567610199,12.7538093955398,5.15737296568212,17.3304548244957,NaN
0.411494047619048,734.115146512588,20.0680962232239,2.9000731769,175,849.7406930418,27.8762496975708,41.3117501762953,21.2092730096524,34.5433822683758,NaN
0.717263222106102,1512.29211662455,25.6607037964291,3.9666667779,43.6666666667,903.3406788437,19.1362369855245,27.5003163019816,11.8827580610911,26.3897159894307,NaN
0.685020002143622,1614.91444357142,24.8071168043435,1.6666667064,274,698.8506329611,23.522264957428,27.0798180103302,18.4766496419907,28.5678802728653,0
0.819148062015504,613.502128097755,21.2087016302302,2.6499999762,218,1857.3874965123,23.0860924698099,42.1920596888763,13.3568337377401,32.8153514677721,1
0.818450277777778,1009.64859275245,14.1241884284172,2.4514111914,173,1080.9836204853,27.4977122929611,40.1629459207297,21.1352461030681,33.8601784660307,1
0.578554166666667,609.483544303797,18.9344328683137,2.9526190514,296,955.6689122022,27.4954228761418,49.260813207778,20.2107750320244,34.7800701833917,1
0.589621363392378,767.951763553977,20.4460403909986,4.500000053,275.1111111111,714.7086906352,26.5926880402998,36.6818307096308,20.2244109457189,32.9609651565552,NaN
0.380448611111111,742.221941354904,8.02217196342436,9.8765240379,31.7652411643,374.5224091377,11.0076462933251,13.7515002496873,6.45599286425593,15.5592997702529,NaN
