StartYear,EndYear,Period,season,WUI_map_year,vpd_wui_hPa,vpd_wild_hPa,vpd_ca_exdesert_hPa,vpd_wui_kPa,vpd_wild_kPa,vpd_ca_exdesert_kPa,n_wui_px,n_wild_px,published_vpd_wui_kPa,published_vpd_wild_kPa,published_vpd_region_kPa
1990,1994,1990s,all_year,1990,19.295415888309478,17.332587687465093,17.393359814597016,1.9295415888309477,1.7332587687465093,1.7393359814597016,1500,20838,1.9387745,1.8353945,1.8438137
1990,1994,1990s,fire_season_MayOct,1990,27.21316681877772,25.193498589911517,25.230215648387453,2.721316681877772,2.5193498589911516,2.5230215648387455,1500,20838,1.9387745,1.8353945,1.8438137
1995,1999,1995s,all_year,1990,18.65279252433777,16.522282727117766,16.58836942962184,1.865279252433777,1.6522282727117765,1.6588369429621839,1500,20838,1.8841889,1.7829561,1.7912
1995,1999,1995s,fire_season_MayOct,1990,26.761216399033863,24.409533905838806,24.46565678452736,2.6761216399033865,2.4409533905838807,2.4465656784527363,1500,20838,1.8841889,1.7829561,1.7912
2000,2004,2000s,all_year,2000,19.881403479108048,18.04331037216905,18.106791197292008,1.9881403479108049,1.804331037216905,1.8106791197292007,1630,20705,1.9885143,1.9484975,1.9520826
2000,2004,2000s,fire_season_MayOct,2000,28.920542164375444,26.960577991647266,27.00673408937003,2.8920542164375442,2.6960577991647265,2.700673408937003,1630,20705,1.9885143,1.9484975,1.9520826
2005,2009,2005s,all_year,2000,20.52844431385672,18.589961245278175,18.663014943388035,2.052844431385672,1.8589961245278175,1.8663014943388034,1630,20705,2.0627937,2.0251913,2.0284886
2005,2009,2005s,fire_season_MayOct,2000,29.402825993116647,27.31137247865714,27.369975053995457,2.9402825993116646,2.731137247865714,2.736997505399546,1630,20705,2.0627937,2.0251913,2.0284886
2010,2014,2010s,all_year,2010,20.255491239431468,18.37800830900132,18.44955558789749,2.0255491239431467,1.837800830900132,1.8449555587897488,1821,20537,2.045273,1.9849243,1.9906594
2010,2014,2010s,fire_season_MayOct,2010,28.499690764818396,26.59081116055028,26.634767607092158,2.8499690764818397,2.6590811160550283,2.663476760709216,1821,20537,2.045273,1.9849243,1.9906594
2015,2019,2015s,all_year,2010,20.695811088500214,18.685560967015878,18.770500325973963,2.0695811088500213,1.8685560967015877,1.8770500325973962,1821,20537,2.091058,1.9728796,1.9843003
2015,2019,2015s,fire_season_MayOct,2010,29.208953018570785,27.14435644134572,27.207117396869762,2.9208953018570787,2.7144356441345723,2.720711739686976,1821,20537,2.091058,1.9728796,1.9843003
2020,2024,2020s,all_year,2020,22.28229113664041,19.947695454442957,20.054445445188374,2.228229113664041,1.9947695454442957,2.0054445445188374,1790,20559,2.058064,1.9791205,1.9866982
2020,2024,2020s,fire_season_MayOct,2020,32.03009727613886,29.219869331833664,29.32576473826167,3.2030097276138862,2.9219869331833666,2.9325764738261673,1790,20559,2.058064,1.9791205,1.9866982
