Model,StartYear,EndYear,VPD_CA,VPD_NorCal,VPD_SoCal
ACCESS-CM2,1990,1994,6.803303719,5.645933628,10.72842026
ACCESS-CM2,1995,1999,7.244749546,5.992446423,11.5573864
ACCESS-CM2,2000,2004,7.573667049,6.287396431,11.99094009
ACCESS-CM2,2005,2009,7.223846912,5.970029831,11.5126133
ACCESS-CM2,2010,2014,8.072284698,6.768712044,12.57901669
ACCESS-CM2,2015,2019,8.416069984,7.041796684,13.11847878
ACCESS-CM2,2020,2024,8.633924484,7.211047649,13.5456028
ACCESS-CM2,2025,2029,8.253604889,6.926085472,12.84399414
ACCESS-CM2,2030,2034,8.352798462,6.933579445,13.2623291
ACCESS-CM2,2035,2039,8.921051979,7.446299553,14.06269169
ACCESS-CM2,2040,2044,8.884446144,7.442712784,13.83780098
ACCESS-CM2,2045,2049,9.43129921,7.845732212,14.82536411
ACCESS-CM2,2050,2054,9.242497444,7.833032608,14.11904335
ACCESS-CM2,2055,2059,9.563717842,8.128321648,14.56864548
ACCESS-CM2,2060,2064,9.411090851,7.955740929,14.41834354
ACCESS-CM2,2065,2069,10.54934883,8.923681259,16.12290764
ACCESS-CM2,2070,2074,10.62888241,8.96599102,16.30492401
ACCESS-CM2,2075,2079,11.19979382,9.473198891,17.1461277
ACCESS-CM2,2080,2084,10.23206806,8.542442322,15.96376133
ACCESS-CM2,2085,2089,11.27823257,9.513552666,17.38145256
ACCESS-CM2,2090,2094,12.04024506,10.14931679,18.50661087
ACCESS-CM2,2095,2099,12.21630192,10.40969563,18.48509979
ACCESS-ESM1-5,1990,1994,8.650531769,7.205778599,11.06417847
ACCESS-ESM1-5,1995,1999,8.5460186,7.180910587,10.80633736
ACCESS-ESM1-5,2000,2004,8.738339424,7.265371323,11.17691898
ACCESS-ESM1-5,2005,2009,9.270537376,7.862499237,11.59460831
ACCESS-ESM1-5,2010,2014,9.061616898,7.574242115,11.55140209
ACCESS-ESM1-5,2015,2019,9.381948471,7.863949299,11.95483971
ACCESS-ESM1-5,2020,2024,9.416669846,7.799244881,12.11505413
ACCESS-ESM1-5,2025,2029,9.646442413,8.220409393,12.07053757
ACCESS-ESM1-5,2030,2034,9.52941227,8.027019501,12.03801346
ACCESS-ESM1-5,2035,2039,10.20839119,8.517077446,13.03231239
ACCESS-ESM1-5,2040,2044,10.28066826,8.725388527,12.87470627
ACCESS-ESM1-5,2045,2049,11.11380005,9.448598862,13.91404247
ACCESS-ESM1-5,2050,2054,10.62990665,8.74600029,13.7560873
ACCESS-ESM1-5,2055,2059,10.43065262,8.628135681,13.39727592
ACCESS-ESM1-5,2060,2064,10.94416142,9.072317123,14.08603382
ACCESS-ESM1-5,2065,2069,10.77175713,8.925319672,13.86934757
ACCESS-ESM1-5,2070,2074,11.51581192,9.757245064,14.42868805
ACCESS-ESM1-5,2075,2079,12.0929327,10.42613602,14.88848782
ACCESS-ESM1-5,2080,2084,11.37386131,9.646917343,14.24011612
ACCESS-ESM1-5,2085,2089,11.82902241,10.07872009,14.7611084
ACCESS-ESM1-5,2090,2094,11.92827225,10.06791019,15.03769112
ACCESS-ESM1-5,2095,2099,12.10881329,10.30943966,15.17790222
CESM2,1990,1994,9.472158432,8.097643852,12.51704788
CESM2,1995,1999,10.3925066,8.886026382,13.75751877
CESM2,2000,2004,10.46103287,8.830124855,14.0788784
CESM2,2005,2009,10.49906635,9.059098244,13.71892357
CESM2,2010,2014,10.9761219,9.388134956,14.48943043
CESM2,2015,2019,10.96164894,9.28804493,14.73933887
CESM2,2020,2024,10.70594883,9.143836975,14.17356968
CESM2,2025,2029,10.98808289,9.293775558,14.77818394
CESM2,2030,2034,10.79356956,9.307596207,14.08745861
CESM2,2035,2039,11.60057163,9.863697052,15.46213436
CESM2,2040,2044,11.74465084,10.05874538,15.49038792
CESM2,2045,2049,11.43388081,9.784506798,15.07948494
CESM2,2050,2054,11.94159222,10.29934883,15.6123333
CESM2,2055,2059,12.14155006,10.44544411,15.93956661
CESM2,2060,2064,12.49876976,10.85722637,16.16459846
CESM2,2065,2069,12.56143665,10.977705,16.05458832
CESM2,2070,2074,12.49145412,10.66789627,16.49292946
CESM2,2075,2079,13.16427135,11.27928543,17.37842369
CESM2,2080,2084,13.86761379,12.07107353,17.87965202
CESM2,2085,2089,13.94604683,12.09344196,18.02918816
CESM2,2090,2094,13.63814545,11.77337646,17.80919075
CESM2,2095,2099,13.76726818,11.95730591,17.76569748
CMCC-CM2-SR5,1990,1994,9.294981956,7.965462208,12.24306297
CMCC-CM2-SR5,1995,1999,10.08004379,8.568811417,13.45295048
CMCC-CM2-SR5,2000,2004,10.3978653,8.895263672,13.74499321
CMCC-CM2-SR5,2005,2009,10.00913429,8.533370972,13.25917625
CMCC-CM2-SR5,2010,2014,10.18475533,8.635310173,13.62377453
CMCC-CM2-SR5,2015,2019,9.751607895,8.338756561,12.88611698
CMCC-CM2-SR5,2020,2024,10.01489735,8.608605385,13.09739685
CMCC-CM2-SR5,2025,2029,10.54607391,8.94058609,14.06774426
CMCC-CM2-SR5,2030,2034,10.83588409,9.310296059,14.2757616
CMCC-CM2-SR5,2035,2039,11.01463032,9.41433239,14.57598019
CMCC-CM2-SR5,2040,2044,11.27430344,9.80688858,14.54152489
CMCC-CM2-SR5,2045,2049,11.92285728,10.35161304,15.51926041
CMCC-CM2-SR5,2050,2054,12.43677235,10.68756676,16.36864662
CMCC-CM2-SR5,2055,2059,12.50996208,10.91058254,16.07729149
CMCC-CM2-SR5,2060,2064,12.62076187,10.97098446,16.29759407
CMCC-CM2-SR5,2065,2069,13.15019417,11.41375542,17.04528999
CMCC-CM2-SR5,2070,2074,13.3292141,11.55338955,17.30226517
CMCC-CM2-SR5,2075,2079,13.33005047,11.30372143,17.83785248
CMCC-CM2-SR5,2080,2084,13.59489536,11.81335354,17.61695862
CMCC-CM2-SR5,2085,2089,13.31952858,11.30951691,17.81047058
CMCC-CM2-SR5,2090,2094,13.48509407,11.57308292,17.76708221
CMCC-CM2-SR5,2095,2099,14.5497179,12.51554298,19.07836342
CMCC-ESM2,1990,1994,8.919005394,7.557679653,11.92648506
CMCC-ESM2,1995,1999,9.50924778,8.08745575,12.68337345
CMCC-ESM2,2000,2004,9.841285706,8.36548996,13.11122227
CMCC-ESM2,2005,2009,9.497144699,8.113801003,12.54127789
CMCC-ESM2,2010,2014,9.507927895,8.132494926,12.54550076
CMCC-ESM2,2015,2019,9.30652523,7.845734596,12.47270107
CMCC-ESM2,2020,2024,9.828728676,8.409352303,13.00111389
CMCC-ESM2,2025,2029,9.906647682,8.508514404,13.00185871
CMCC-ESM2,2030,2034,9.866170883,8.35180378,13.18617916
CMCC-ESM2,2035,2039,9.829814911,8.413095474,12.94917583
CMCC-ESM2,2040,2044,10.99807167,9.387854576,14.59954739
CMCC-ESM2,2045,2049,10.96366692,9.351653099,14.54410839
CMCC-ESM2,2050,2054,10.9487524,9.358697891,14.45916271
CMCC-ESM2,2055,2059,11.88177109,10.12654591,15.72453403
CMCC-ESM2,2060,2064,11.77703381,10.08973408,15.49399376
CMCC-ESM2,2065,2069,11.98520851,10.27321243,15.78865814
CMCC-ESM2,2070,2074,11.88756084,10.22829056,15.52845097
CMCC-ESM2,2075,2079,12.67601013,10.81355476,16.79900551
CMCC-ESM2,2080,2084,13.29946041,11.29208565,17.77814484
CMCC-ESM2,2085,2089,12.73075199,10.90926743,16.78347969
CMCC-ESM2,2090,2094,13.0232439,11.41871834,16.72507668
CMCC-ESM2,2095,2099,12.67710209,10.84284306,16.73264122
EC-Earth3,1990,1994,8.790068626,6.800652981,11.99666595
EC-Earth3,1995,1999,9.370850563,7.311216354,12.70868587
EC-Earth3,2000,2004,9.404475212,7.199719429,12.95407581
EC-Earth3,2005,2009,9.17698288,6.98630619,12.67909908
EC-Earth3,2010,2014,10.06175709,7.795182228,13.72205162
EC-Earth3,2015,2019,9.735498428,7.526831627,13.29098034
EC-Earth3,2020,2024,9.659977913,7.394553185,13.32441711
EC-Earth3,2025,2029,10.4445734,8.156592369,14.17315006
EC-Earth3,2030,2034,11.73622227,9.232649803,15.84998417
EC-Earth3,2035,2039,10.83421803,8.402462006,14.76323605
EC-Earth3,2040,2044,11.48497295,8.929336548,15.65340137
EC-Earth3,2045,2049,11.2549305,8.827687263,15.23634434
EC-Earth3,2050,2054,11.2391386,8.771452904,15.23488998
EC-Earth3,2055,2059,12.08076572,9.481328964,16.32703209
EC-Earth3,2060,2064,12.33258533,9.733697891,16.58171844
EC-Earth3,2065,2069,12.36801338,9.650518417,16.8457756
EC-Earth3,2070,2074,12.31903744,9.480752945,16.94644356
EC-Earth3,2075,2079,12.76037979,9.923376083,17.42749214
EC-Earth3,2080,2084,14.29309559,11.39390278,19.12590027
EC-Earth3,2085,2089,14.23965836,11.15327835,19.33449936
EC-Earth3,2090,2094,14.78296947,11.73546982,19.86675835
EC-Earth3,2095,2099,14.27629089,11.03214645,19.60917473
GFDL-ESM4,1990,1994,6.806874752,5.294921875,10.26262951
GFDL-ESM4,1995,1999,6.954883575,5.251451015,10.86168957
GFDL-ESM4,2000,2004,7.173456669,5.567351818,10.8788414
GFDL-ESM4,2005,2009,7.313929558,5.722960949,10.97822762
GFDL-ESM4,2010,2014,7.239873886,5.606946945,11.01382065
GFDL-ESM4,2015,2019,7.259759903,5.649202824,10.94587803
GFDL-ESM4,2020,2024,7.434666634,5.697292805,11.45679855
GFDL-ESM4,2025,2029,7.486883163,5.837572098,11.3490572
GFDL-ESM4,2030,2034,7.622756004,5.893280983,11.55735016
GFDL-ESM4,2035,2039,7.896060467,6.236457348,11.75103951
GFDL-ESM4,2040,2044,8.08732605,6.318975925,12.24419212
GFDL-ESM4,2045,2049,7.924202442,6.112771511,12.12402534
GFDL-ESM4,2050,2054,8.303285599,6.423564434,12.67700195
GFDL-ESM4,2055,2059,8.608228683,6.73708868,12.92962933
GFDL-ESM4,2060,2064,8.591153145,6.642897129,13.04821777
GFDL-ESM4,2065,2069,8.177585602,6.390685558,12.30298996
GFDL-ESM4,2070,2074,8.380638123,6.656303406,12.37988377
GFDL-ESM4,2075,2079,8.461455345,6.691869736,12.52252197
GFDL-ESM4,2080,2084,8.500380516,6.665670872,12.71986485
GFDL-ESM4,2085,2089,8.346705437,6.505445004,12.55136585
GFDL-ESM4,2090,2094,8.624114037,6.739573956,13.00709629
GFDL-ESM4,2095,2099,9.341086388,7.274921417,14.05436802
HadGEM3-GC31-LL,1990,1994,6.693603039,5.978837967,8.91404438
HadGEM3-GC31-LL,1995,1999,7.39066267,6.630326271,9.856084824
HadGEM3-GC31-LL,2000,2004,7.468039036,6.674434185,10.01903439
HadGEM3-GC31-LL,2005,2009,7.133583069,6.363023758,9.488402367
HadGEM3-GC31-LL,2010,2014,7.531923294,6.740098953,9.983581543
HadGEM3-GC31-LL,2015,2019,7.565830708,6.734678745,10.18108845
HadGEM3-GC31-LL,2020,2024,8.150168419,7.369894981,10.73719788
HadGEM3-GC31-LL,2025,2029,8.358825684,7.549237728,10.95265007
HadGEM3-GC31-LL,2030,2034,8.651814461,7.845448017,11.29287624
HadGEM3-GC31-LL,2035,2039,8.428359985,7.633133411,11.00609016
HadGEM3-GC31-LL,2040,2044,7.922687531,7.091200829,10.40300941
HadGEM3-GC31-LL,2045,2049,9.062538147,8.23502636,11.63686371
HadGEM3-GC31-LL,2050,2054,8.852578163,8.024209976,11.49428368
HadGEM3-GC31-LL,2055,2059,9.299650192,8.47908783,11.89765072
HadGEM3-GC31-LL,2060,2064,9.545647621,8.659178734,12.33833408
HadGEM3-GC31-LL,2065,2069,9.749653816,8.841091156,12.58352852
HadGEM3-GC31-LL,2070,2074,9.986017227,9.048376083,12.94666672
HadGEM3-GC31-LL,2075,2079,10.16093731,9.240326881,13.02874088
HadGEM3-GC31-LL,2080,2084,10.50368214,9.585022926,13.36506271
HadGEM3-GC31-LL,2085,2089,10.6199913,9.723148346,13.28457355
HadGEM3-GC31-LL,2090,2094,10.96526909,10.12078476,13.61523438
HadGEM3-GC31-LL,2095,2099,11.55679989,10.5890398,14.57451916
INM-CM4-8,1990,1994,11.78323269,10.0014658,16.28954697
INM-CM4-8,1995,1999,12.09513855,10.14922523,16.94260597
INM-CM4-8,2000,2004,13.01458454,11.06191635,17.93984032
INM-CM4-8,2005,2009,11.91350937,9.982648849,16.76786804
INM-CM4-8,2010,2014,12.37404537,10.56214523,17.02189636
INM-CM4-8,2015,2019,12.79256153,10.95176888,17.45698929
INM-CM4-8,2020,2024,12.39103508,10.49018574,17.23257446
INM-CM4-8,2025,2029,13.41860867,11.5266695,18.17821884
INM-CM4-8,2030,2034,13.25799561,11.31680775,18.13752365
INM-CM4-8,2035,2039,12.6727562,10.70165253,17.60121918
INM-CM4-8,2040,2044,13.60158157,11.49301624,18.92193985
INM-CM4-8,2045,2049,13.29421902,11.21144867,18.60253143
INM-CM4-8,2050,2054,14.33394909,12.29566002,19.510746
INM-CM4-8,2055,2059,14.16265965,12.01151276,19.60311699
INM-CM4-8,2060,2064,15.00098515,12.87249851,20.37905884
INM-CM4-8,2065,2069,14.55100536,12.25746155,20.27701187
INM-CM4-8,2070,2074,15.45840359,13.28319931,21.0246315
INM-CM4-8,2075,2079,15.58992767,13.32102966,21.28217506
INM-CM4-8,2080,2084,15.80988789,13.47810364,21.68162537
INM-CM4-8,2085,2089,16.18228149,13.79020691,22.17789078
INM-CM4-8,2090,2094,16.58531952,14.15697002,22.72360802
INM-CM4-8,2095,2099,15.92192936,13.56669521,21.81097794
INM-CM5-0,1990,1994,10.27108383,8.638179779,14.24503803
INM-CM5-0,1995,1999,11.27509499,9.603295326,15.45293903
INM-CM5-0,2000,2004,10.6854372,9.112980843,14.59985447
INM-CM5-0,2005,2009,10.98036766,9.231800079,15.32311153
INM-CM5-0,2010,2014,11.14034176,9.479088783,15.28892517
INM-CM5-0,2015,2019,11.49813652,9.801372528,15.78160095
INM-CM5-0,2020,2024,11.32331276,9.520816803,15.83106518
INM-CM5-0,2025,2029,12.04651737,10.3536768,16.3216877
INM-CM5-0,2030,2034,12.57345963,10.79397011,17.01211739
INM-CM5-0,2035,2039,12.7247982,10.87574482,17.38834572
INM-CM5-0,2040,2044,12.77726364,10.79764366,17.70330238
INM-CM5-0,2045,2049,12.59276676,10.61788273,17.48952866
INM-CM5-0,2050,2054,12.35533142,10.48837662,16.97450638
INM-CM5-0,2055,2059,13.15787506,11.12355804,18.16365623
INM-CM5-0,2060,2064,13.90496445,11.91274452,18.85118294
INM-CM5-0,2065,2069,13.91547298,11.95135593,18.83386803
INM-CM5-0,2070,2074,13.48707008,11.4500618,18.48129654
INM-CM5-0,2075,2079,14.56943321,12.42593479,19.9669857
INM-CM5-0,2080,2084,13.65729427,11.60609531,18.7789135
INM-CM5-0,2085,2089,13.89249229,11.70051003,19.27292061
INM-CM5-0,2090,2094,14.03858757,12.02534008,19.01365089
INM-CM5-0,2095,2099,15.1485157,13.01320362,20.59127617
IPSL-CM6A-LR,1990,1994,6.699067116,5.832634926,9.363997459
IPSL-CM6A-LR,1995,1999,6.620903015,5.692996502,9.53703022
IPSL-CM6A-LR,2000,2004,6.608055115,5.63337183,9.570928574
IPSL-CM6A-LR,2005,2009,6.693741322,5.736767292,9.669186592
IPSL-CM6A-LR,2010,2014,6.987582684,6.068619728,9.902871132
IPSL-CM6A-LR,2015,2019,6.987970352,6.02338028,9.984101295
IPSL-CM6A-LR,2020,2024,7.03704071,6.065256596,10.05368996
IPSL-CM6A-LR,2025,2029,6.90621376,5.945199013,9.849218369
IPSL-CM6A-LR,2030,2034,7.289312363,6.285984039,10.52641964
IPSL-CM6A-LR,2035,2039,7.263769627,6.274376392,10.39849567
IPSL-CM6A-LR,2040,2044,7.556223392,6.545603752,10.82339382
IPSL-CM6A-LR,2045,2049,7.943182468,6.971893311,11.14821529
IPSL-CM6A-LR,2050,2054,8.320465088,7.239158154,11.82329655
IPSL-CM6A-LR,2055,2059,8.135341644,7.072157383,11.53362942
IPSL-CM6A-LR,2060,2064,9.153744698,8.096164703,12.75176048
IPSL-CM6A-LR,2065,2069,8.335679054,7.349221706,11.59422398
IPSL-CM6A-LR,2070,2074,9.608141899,8.535858154,13.23779774
IPSL-CM6A-LR,2075,2079,9.782920837,8.682127953,13.5786438
IPSL-CM6A-LR,2080,2084,9.974359512,8.864501953,13.74832249
IPSL-CM6A-LR,2085,2089,9.545223236,8.452931404,13.21287155
IPSL-CM6A-LR,2090,2094,11.10326672,9.907224655,15.20355415
IPSL-CM6A-LR,2095,2099,10.753829,9.605980873,14.65294838
MIROC6,1990,1994,12.80765247,9.583999634,19.20365143
MIROC6,1995,1999,13.98433781,10.95915318,20.31852722
MIROC6,2000,2004,13.34369469,10.16225433,19.62619591
MIROC6,2005,2009,14.21755028,10.8671093,21.0506382
MIROC6,2010,2014,14.42384338,11.10755253,21.40115929
MIROC6,2015,2019,15.76228809,12.65748119,22.54766083
MIROC6,2020,2024,14.97171307,11.33979321,22.54249573
MIROC6,2025,2029,14.65244198,11.14706707,21.8496151
MIROC6,2030,2034,16.22045517,12.78306484,23.63164902
MIROC6,2035,2039,15.84859753,12.44170952,23.26313972
MIROC6,2040,2044,15.91471004,12.5266037,23.23072052
MIROC6,2045,2049,16.38907051,12.93059444,23.73141098
MIROC6,2050,2054,17.13475037,13.41534996,25.22021294
MIROC6,2055,2059,16.69573593,13.17393303,24.11526871
MIROC6,2060,2064,17.722929,14.1809864,25.59050369
MIROC6,2065,2069,18.11902618,14.59478855,25.98153687
MIROC6,2070,2074,17.54653168,13.80668068,25.77039909
MIROC6,2075,2079,18.43663216,14.42024326,27.15385818
MIROC6,2080,2084,18.16020775,14.12101841,26.80618858
MIROC6,2085,2089,17.79174614,13.50133133,26.91452217
MIROC6,2090,2094,19.39938927,15.03821087,28.77009583
MIROC6,2095,2099,20.6788311,16.56259346,29.70768738
MPI-ESM1-2-HR,1990,1994,1.981857777,1.872681499,2.069760561
MPI-ESM1-2-HR,1995,1999,2.023569584,1.845531583,2.24572134
MPI-ESM1-2-HR,2000,2004,2.083014727,1.977923632,2.150758505
MPI-ESM1-2-HR,2005,2009,2.047521591,1.96946013,2.070695162
MPI-ESM1-2-HR,2010,2014,1.925796509,1.811969638,2.047952652
MPI-ESM1-2-HR,2015,2019,2.127833128,2.001598358,2.237462521
MPI-ESM1-2-HR,2020,2024,2.270116806,2.164829731,2.351865292
MPI-ESM1-2-HR,2025,2029,2.104692221,1.945412278,2.288742542
MPI-ESM1-2-HR,2030,2034,2.010130167,1.860425711,2.169995546
MPI-ESM1-2-HR,2035,2039,2.186814547,2.12121892,2.20769763
MPI-ESM1-2-HR,2040,2044,2.282047987,2.134409904,2.41523695
MPI-ESM1-2-HR,2045,2049,2.156143665,2.022909164,2.262935877
MPI-ESM1-2-HR,2050,2054,2.300431728,2.138538837,2.478727341
MPI-ESM1-2-HR,2055,2059,2.475775719,2.34691906,2.585749149
MPI-ESM1-2-HR,2060,2064,2.683925867,2.501528978,2.878508329
MPI-ESM1-2-HR,2065,2069,2.712128162,2.536207676,2.878288507
MPI-ESM1-2-HR,2070,2074,2.84542799,2.608997822,3.124607563
MPI-ESM1-2-HR,2075,2079,2.756970406,2.5636127,2.943983793
MPI-ESM1-2-HR,2080,2084,3.515208244,3.281776428,3.787925959
MPI-ESM1-2-HR,2085,2089,3.638785124,3.217587709,4.211632252
MPI-ESM1-2-HR,2090,2094,3.68868947,3.339630842,4.115439415
MPI-ESM1-2-HR,2095,2099,3.748871803,3.411202192,4.160435677
MPI-ESM1-2-LR,1990,1994,1.36017108,1.243276119,1.388239145
MPI-ESM1-2-LR,1995,1999,1.517036915,1.344859004,1.586011291
MPI-ESM1-2-LR,2000,2004,1.495269179,1.296041369,1.610407948
MPI-ESM1-2-LR,2005,2009,1.680996299,1.401977777,1.871997118
MPI-ESM1-2-LR,2010,2014,1.552841544,1.433369637,1.548904419
MPI-ESM1-2-LR,2015,2019,1.69669044,1.473980665,1.807665825
MPI-ESM1-2-LR,2020,2024,1.687188625,1.484942436,1.783379674
MPI-ESM1-2-LR,2025,2029,1.828653216,1.655278206,1.862395048
MPI-ESM1-2-LR,2030,2034,1.878784657,1.573926926,2.081584215
MPI-ESM1-2-LR,2035,2039,1.731382132,1.492192149,1.862870097
MPI-ESM1-2-LR,2040,2044,1.660605907,1.441515326,1.770875812
MPI-ESM1-2-LR,2045,2049,1.928279638,1.614453912,2.135385275
MPI-ESM1-2-LR,2050,2054,1.82717979,1.658030987,1.860358119
MPI-ESM1-2-LR,2055,2059,2.151050329,1.804618835,2.354441643
MPI-ESM1-2-LR,2060,2064,2.151871204,1.880626678,2.276674509
MPI-ESM1-2-LR,2065,2069,2.069868803,1.742268682,2.262002707
MPI-ESM1-2-LR,2070,2074,2.539676666,2.048774719,2.925037146
MPI-ESM1-2-LR,2075,2079,2.124551535,1.73265326,2.401237488
MPI-ESM1-2-LR,2080,2084,2.404427052,1.938737035,2.738921404
MPI-ESM1-2-LR,2085,2089,2.908416986,2.429913521,3.244452715
MPI-ESM1-2-LR,2090,2094,2.660044193,2.169665813,3.005683899
MPI-ESM1-2-LR,2095,2099,2.842921734,2.369658232,3.142796516
MRI-ESM2-0,1990,1994,7.21445179,5.557848454,11.17560387
MRI-ESM2-0,1995,1999,7.770899773,6.2011199,11.57472992
MRI-ESM2-0,2000,2004,8.36450386,6.563392162,12.73631477
MRI-ESM2-0,2005,2009,7.228978634,5.657477856,11.01665592
MRI-ESM2-0,2010,2014,8.403104782,6.565205574,12.89693356
MRI-ESM2-0,2015,2019,8.027068138,6.292181015,12.19129372
MRI-ESM2-0,2020,2024,8.543331146,6.672804356,13.02675819
MRI-ESM2-0,2025,2029,8.473508835,6.672430992,12.86239243
MRI-ESM2-0,2030,2034,8.809687614,6.921587944,13.3510437
MRI-ESM2-0,2035,2039,8.640461922,6.771162987,13.14201641
MRI-ESM2-0,2040,2044,9.081668854,7.253291607,13.52917671
MRI-ESM2-0,2045,2049,8.720561981,6.84905386,13.2772274
MRI-ESM2-0,2050,2054,9.543994904,7.338148117,14.91245937
MRI-ESM2-0,2055,2059,9.257857323,7.257363319,14.10831451
MRI-ESM2-0,2060,2064,9.731466293,7.734233856,14.6212492
MRI-ESM2-0,2065,2069,9.621385574,7.547345638,14.67994213
MRI-ESM2-0,2070,2074,9.066204071,7.073704243,13.88778782
MRI-ESM2-0,2075,2079,9.702552795,7.559881687,14.85184383
MRI-ESM2-0,2080,2084,10.13965511,7.881940842,15.55756855
MRI-ESM2-0,2085,2089,11.05871487,8.920268059,16.26075363
MRI-ESM2-0,2090,2094,10.38726807,8.1390028,15.84835052
MRI-ESM2-0,2095,2099,10.65667915,8.42931366,16.0705719
UKESM1-0-LL,1990,1994,6.755146027,5.873080254,9.422743797
UKESM1-0-LL,1995,1999,6.839762211,5.969202518,9.468540192
UKESM1-0-LL,2000,2004,6.877154827,6.023546219,9.443460464
UKESM1-0-LL,2005,2009,7.187306404,6.403757095,9.594190598
UKESM1-0-LL,2010,2014,7.165224075,6.263154984,9.852300644
UKESM1-0-LL,2015,2019,6.977533817,6.026253223,9.75045681
UKESM1-0-LL,2020,2024,7.558478355,6.678900242,10.179739
UKESM1-0-LL,2025,2029,7.705525398,6.746351242,10.54614258
UKESM1-0-LL,2030,2034,7.843504429,6.883319855,10.68147373
UKESM1-0-LL,2035,2039,8.304926872,7.361774445,11.15185356
UKESM1-0-LL,2040,2044,8.120164871,7.159295082,10.9733448
UKESM1-0-LL,2045,2049,8.587381363,7.616223335,11.50757122
UKESM1-0-LL,2050,2054,8.915248871,7.985687733,11.70506477
UKESM1-0-LL,2055,2059,9.169816017,8.196644783,12.06207848
UKESM1-0-LL,2060,2064,9.465677261,8.472459793,12.40310764
UKESM1-0-LL,2065,2069,9.52099514,8.630612373,12.19402122
UKESM1-0-LL,2070,2074,9.127738953,8.210205078,11.72808838
UKESM1-0-LL,2075,2079,9.993653297,8.87131691,13.28977585
UKESM1-0-LL,2080,2084,9.920085907,8.925642014,12.80749321
UKESM1-0-LL,2085,2089,10.5327816,9.600131989,13.34020519
UKESM1-0-LL,2090,2094,11.2521944,10.16706562,14.52225971
UKESM1-0-LL,2095,2099,11.04307365,10.01840305,14.00141716
Ensemble_Mean,1990,1994,7.768949404,6.446879826,10.80069473
Ensemble_Mean,1995,1999,8.225981623,6.854626715,11.42563324
Ensemble_Mean,2000,2004,8.345617212,6.932286151,11.60204159
Ensemble_Mean,2005,2009,8.254637294,6.866380535,11.44604197
Ensemble_Mean,2010,2014,8.538065068,7.120764278,11.8418451
Ensemble_Mean,2015,2019,8.640560724,7.219813213,11.95916584
Ensemble_Mean,2020,2024,8.726699919,7.253209829,12.1532949
Ensemble_Mean,2025,2029,8.922955967,7.464053638,12.31222428
Ensemble_Mean,2030,2034,9.204497352,7.70754756,12.69635996
Ensemble_Mean,2035,2039,9.256662846,7.747899152,12.78864364
Ensemble_Mean,2040,2044,9.479462072,7.944530152,13.06328508
Ensemble_Mean,2045,2049,9.669923797,8.112003036,13.31464374
Ensemble_Mean,2050,2054,9.895367168,8.293926507,13.63792627
Ensemble_Mean,2055,2059,10.10765062,8.495202661,13.83674255
Ensemble_Mean,2060,2064,10.47104798,8.85206376,14.26130497
Ensemble_Mean,2065,2069,10.50992246,8.875326939,14.33212382
Ensemble_Mean,2070,2074,10.63861319,8.960982919,14.53186859
Ensemble_Mean,2075,2079,11.05015455,9.295516841,15.15607224
Ensemble_Mean,2080,2084,11.20288643,9.444267787,15.28727624
Ensemble_Mean,2085,2089,11.3662737,9.556203231,15.53571169
Ensemble_Mean,2090,2094,11.72513203,9.907583997,15.97108644
Ensemble_Mean,2095,2099,11.955502,10.11924908,16.22599232