Model,StartYear,EndYear,VPD_CA,VPD_NorCal,VPD_SoCal
ACCESS-CM2,1990,1994,6.8033037185668945,5.645933628082275,10.72842025756836
ACCESS-CM2,1995,1999,7.244749546051025,5.992446422576904,11.55738639831543
ACCESS-CM2,2000,2004,7.573667049407959,6.287396430969238,11.99094009399414
ACCESS-CM2,2005,2009,7.223846912384033,5.970029830932617,11.512613296508789
ACCESS-CM2,2010,2014,8.072284698486328,6.768712043762207,12.57901668548584
ACCESS-CM2,2015,2019,8.416069984436035,7.041796684265137,13.118478775024414
ACCESS-CM2,2020,2024,8.63392448425293,7.211047649383545,13.545602798461914
ACCESS-CM2,2025,2029,8.253604888916016,6.926085472106934,12.843994140625
ACCESS-CM2,2030,2034,8.352798461914062,6.933579444885254,13.2623291015625
ACCESS-CM2,2035,2039,8.921051979064941,7.4462995529174805,14.062691688537598
ACCESS-CM2,2040,2044,8.884446144104004,7.442712783813477,13.837800979614258
ACCESS-CM2,2045,2049,9.431299209594727,7.84573221206665,14.825364112854004
ACCESS-CM2,2050,2054,9.242497444152832,7.833032608032227,14.119043350219727
ACCESS-CM2,2055,2059,9.56371784210205,8.128321647644043,14.568645477294922
ACCESS-CM2,2060,2064,9.411090850830078,7.955740928649902,14.418343544006348
ACCESS-CM2,2065,2069,10.549348831176758,8.923681259155273,16.122907638549805
ACCESS-CM2,2070,2074,10.62888240814209,8.965991020202637,16.30492401123047
ACCESS-CM2,2075,2079,11.199793815612793,9.473198890686035,17.146127700805664
ACCESS-CM2,2080,2084,10.232068061828613,8.542442321777344,15.963761329650879
ACCESS-CM2,2085,2089,11.27823257446289,9.51355266571045,17.381452560424805
ACCESS-CM2,2090,2094,12.040245056152344,10.149316787719727,18.506610870361328
ACCESS-CM2,2095,2099,12.216301918029785,10.409695625305176,18.48509979248047
ACCESS-ESM1-5,1990,1994,8.650531768798828,7.2057785987854,11.064178466796875
ACCESS-ESM1-5,1995,1999,8.546018600463867,7.180910587310791,10.806337356567383
ACCESS-ESM1-5,2000,2004,8.7383394241333,7.265371322631836,11.176918983459473
ACCESS-ESM1-5,2005,2009,9.270537376403809,7.862499237060547,11.594608306884766
ACCESS-ESM1-5,2010,2014,9.061616897583008,7.574242115020752,11.55140209197998
ACCESS-ESM1-5,2015,2019,9.381948471069336,7.863949298858643,11.954839706420898
ACCESS-ESM1-5,2020,2024,9.416669845581055,7.7992448806762695,12.1150541305542
ACCESS-ESM1-5,2025,2029,9.646442413330078,8.220409393310547,12.070537567138672
ACCESS-ESM1-5,2030,2034,9.529412269592285,8.027019500732422,12.038013458251953
ACCESS-ESM1-5,2035,2039,10.208391189575195,8.517077445983887,13.032312393188477
ACCESS-ESM1-5,2040,2044,10.280668258666992,8.725388526916504,12.874706268310547
ACCESS-ESM1-5,2045,2049,11.113800048828125,9.448598861694336,13.914042472839355
ACCESS-ESM1-5,2050,2054,10.62990665435791,8.746000289916992,13.756087303161621
ACCESS-ESM1-5,2055,2059,10.430652618408203,8.628135681152344,13.397275924682617
ACCESS-ESM1-5,2060,2064,10.944161415100098,9.072317123413086,14.086033821105957
ACCESS-ESM1-5,2065,2069,10.771757125854492,8.92531967163086,13.86934757232666
ACCESS-ESM1-5,2070,2074,11.515811920166016,9.757245063781738,14.428688049316406
ACCESS-ESM1-5,2075,2079,12.09293270111084,10.426136016845703,14.888487815856934
ACCESS-ESM1-5,2080,2084,11.373861312866211,9.646917343139648,14.240116119384766
ACCESS-ESM1-5,2085,2089,11.829022407531738,10.078720092773438,14.7611083984375
ACCESS-ESM1-5,2090,2094,11.928272247314453,10.067910194396973,15.037691116333008
ACCESS-ESM1-5,2095,2099,12.108813285827637,10.309439659118652,15.177902221679688
CESM2,1990,1994,9.472158432006836,8.097643852233887,12.517047882080078
CESM2,1995,1999,10.39250659942627,8.886026382446289,13.757518768310547
CESM2,2000,2004,10.46103286743164,8.830124855041504,14.078878402709961
CESM2,2005,2009,10.499066352844238,9.059098243713379,13.718923568725586
CESM2,2010,2014,10.97612190246582,9.388134956359863,14.48943042755127
CESM2,2015,2019,10.961648941040039,9.288044929504395,14.739338874816895
CESM2,2020,2024,10.705948829650879,9.143836975097656,14.173569679260254
CESM2,2025,2029,10.988082885742188,9.29377555847168,14.778183937072754
CESM2,2030,2034,10.793569564819336,9.307596206665039,14.087458610534668
CESM2,2035,2039,11.600571632385254,9.863697052001953,15.46213436126709
CESM2,2040,2044,11.744650840759277,10.058745384216309,15.490387916564941
CESM2,2045,2049,11.433880805969238,9.784506797790527,15.079484939575195
CESM2,2050,2054,11.9415922164917,10.299348831176758,15.612333297729492
CESM2,2055,2059,12.141550064086914,10.445444107055664,15.939566612243652
CESM2,2060,2064,12.498769760131836,10.857226371765137,16.16459846496582
CESM2,2065,2069,12.561436653137207,10.977705001831055,16.054588317871094
CESM2,2070,2074,12.491454124450684,10.667896270751953,16.492929458618164
CESM2,2075,2079,13.164271354675293,11.279285430908203,17.3784236907959
CESM2,2080,2084,13.867613792419434,12.071073532104492,17.87965202331543
CESM2,2085,2089,13.946046829223633,12.0934419631958,18.02918815612793
CESM2,2090,2094,13.638145446777344,11.77337646484375,17.80919075012207
CESM2,2095,2099,13.767268180847168,11.957305908203125,17.765697479248047
CMCC-CM2-SR5,1990,1994,9.294981956481934,7.9654622077941895,12.243062973022461
CMCC-CM2-SR5,1995,1999,10.08004379272461,8.568811416625977,13.452950477600098
CMCC-CM2-SR5,2000,2004,10.397865295410156,8.895263671875,13.744993209838867
CMCC-CM2-SR5,2005,2009,10.009134292602539,8.533370971679688,13.259176254272461
CMCC-CM2-SR5,2010,2014,10.184755325317383,8.635310173034668,13.623774528503418
CMCC-CM2-SR5,2015,2019,9.751607894897461,8.338756561279297,12.886116981506348
CMCC-CM2-SR5,2020,2024,10.014897346496582,8.60860538482666,13.097396850585938
CMCC-CM2-SR5,2025,2029,10.546073913574219,8.94058609008789,14.067744255065918
CMCC-CM2-SR5,2030,2034,10.835884094238281,9.310296058654785,14.275761604309082
CMCC-CM2-SR5,2035,2039,11.014630317687988,9.414332389831543,14.575980186462402
CMCC-CM2-SR5,2040,2044,11.274303436279297,9.806888580322266,14.541524887084961
CMCC-CM2-SR5,2045,2049,11.922857284545898,10.35161304473877,15.51926040649414
CMCC-CM2-SR5,2050,2054,12.436772346496582,10.687566757202148,16.3686466217041
CMCC-CM2-SR5,2055,2059,12.50996208190918,10.910582542419434,16.07729148864746
CMCC-CM2-SR5,2060,2064,12.62076187133789,10.97098445892334,16.29759407043457
CMCC-CM2-SR5,2065,2069,13.15019416809082,11.413755416870117,17.045289993286133
CMCC-CM2-SR5,2070,2074,13.329214096069336,11.553389549255371,17.302265167236328
CMCC-CM2-SR5,2075,2079,13.330050468444824,11.30372142791748,17.837852478027344
CMCC-CM2-SR5,2080,2084,13.594895362854004,11.813353538513184,17.616958618164062
CMCC-CM2-SR5,2085,2089,13.319528579711914,11.309516906738281,17.810470581054688
CMCC-CM2-SR5,2090,2094,13.48509407043457,11.57308292388916,17.76708221435547
CMCC-CM2-SR5,2095,2099,14.549717903137207,12.515542984008789,19.0783634185791
CMCC-ESM2,1990,1994,8.919005393981934,7.557679653167725,11.926485061645508
CMCC-ESM2,1995,1999,9.509247779846191,8.087455749511719,12.68337345123291
CMCC-ESM2,2000,2004,9.841285705566406,8.365489959716797,13.111222267150879
CMCC-ESM2,2005,2009,9.49714469909668,8.113801002502441,12.541277885437012
CMCC-ESM2,2010,2014,9.507927894592285,8.132494926452637,12.545500755310059
CMCC-ESM2,2015,2019,9.306525230407715,7.845734596252441,12.472701072692871
CMCC-ESM2,2020,2024,9.828728675842285,8.40935230255127,13.001113891601562
CMCC-ESM2,2025,2029,9.906647682189941,8.508514404296875,13.001858711242676
CMCC-ESM2,2030,2034,9.866170883178711,8.35180377960205,13.186179161071777
CMCC-ESM2,2035,2039,9.829814910888672,8.413095474243164,12.949175834655762
CMCC-ESM2,2040,2044,10.998071670532227,9.38785457611084,14.599547386169434
CMCC-ESM2,2045,2049,10.963666915893555,9.351653099060059,14.544108390808105
CMCC-ESM2,2050,2054,10.948752403259277,9.358697891235352,14.459162712097168
CMCC-ESM2,2055,2059,11.881771087646484,10.126545906066895,15.724534034729004
CMCC-ESM2,2060,2064,11.777033805847168,10.089734077453613,15.493993759155273
CMCC-ESM2,2065,2069,11.985208511352539,10.273212432861328,15.788658142089844
CMCC-ESM2,2070,2074,11.887560844421387,10.228290557861328,15.528450965881348
CMCC-ESM2,2075,2079,12.676010131835938,10.813554763793945,16.79900550842285
CMCC-ESM2,2080,2084,13.299460411071777,11.292085647583008,17.77814483642578
CMCC-ESM2,2085,2089,12.730751991271973,10.90926742553711,16.783479690551758
CMCC-ESM2,2090,2094,13.02324390411377,11.418718338012695,16.72507667541504
CMCC-ESM2,2095,2099,12.677102088928223,10.842843055725098,16.732641220092773
EC-Earth3,1990,1994,8.790068626403809,6.800652980804443,11.996665954589844
EC-Earth3,1995,1999,9.370850563049316,7.311216354370117,12.708685874938965
EC-Earth3,2000,2004,9.404475212097168,7.199719429016113,12.954075813293457
EC-Earth3,2005,2009,9.176982879638672,6.986306190490723,12.679099082946777
EC-Earth3,2010,2014,10.06175708770752,7.795182228088379,13.722051620483398
EC-Earth3,2015,2019,9.735498428344727,7.52683162689209,13.290980339050293
EC-Earth3,2020,2024,9.659977912902832,7.394553184509277,13.324417114257812
EC-Earth3,2025,2029,10.444573402404785,8.15659236907959,14.173150062561035
EC-Earth3,2030,2034,11.736222267150879,9.232649803161621,15.849984169006348
EC-Earth3,2035,2039,10.83421802520752,8.402462005615234,14.763236045837402
EC-Earth3,2040,2044,11.484972953796387,8.929336547851562,15.653401374816895
EC-Earth3,2045,2049,11.25493049621582,8.82768726348877,15.236344337463379
EC-Earth3,2050,2054,11.23913860321045,8.771452903747559,15.23488998413086
EC-Earth3,2055,2059,12.080765724182129,9.481328964233398,16.3270320892334
EC-Earth3,2060,2064,12.332585334777832,9.733697891235352,16.58171844482422
EC-Earth3,2065,2069,12.368013381958008,9.650518417358398,16.845775604248047
EC-Earth3,2070,2074,12.319037437438965,9.480752944946289,16.946443557739258
EC-Earth3,2075,2079,12.760379791259766,9.923376083374023,17.427492141723633
EC-Earth3,2080,2084,14.293095588684082,11.393902778625488,19.125900268554688
EC-Earth3,2085,2089,14.23965835571289,11.153278350830078,19.33449935913086
EC-Earth3,2090,2094,14.78296947479248,11.735469818115234,19.866758346557617
EC-Earth3,2095,2099,14.276290893554688,11.032146453857422,19.609174728393555
GFDL-ESM4,1990,1994,6.806874752044678,5.294921875,10.262629508972168
GFDL-ESM4,1995,1999,6.954883575439453,5.251451015472412,10.861689567565918
GFDL-ESM4,2000,2004,7.17345666885376,5.567351818084717,10.878841400146484
GFDL-ESM4,2005,2009,7.313929557800293,5.722960948944092,10.978227615356445
GFDL-ESM4,2010,2014,7.239873886108398,5.60694694519043,11.01382064819336
GFDL-ESM4,2015,2019,7.259759902954102,5.649202823638916,10.945878028869629
GFDL-ESM4,2020,2024,7.434666633605957,5.697292804718018,11.456798553466797
GFDL-ESM4,2025,2029,7.486883163452148,5.83757209777832,11.3490571975708
GFDL-ESM4,2030,2034,7.622756004333496,5.893280982971191,11.557350158691406
GFDL-ESM4,2035,2039,7.896060466766357,6.236457347869873,11.751039505004883
GFDL-ESM4,2040,2044,8.087326049804688,6.318975925445557,12.244192123413086
GFDL-ESM4,2045,2049,7.9242024421691895,6.112771511077881,12.124025344848633
GFDL-ESM4,2050,2054,8.303285598754883,6.423564434051514,12.677001953125
GFDL-ESM4,2055,2059,8.60822868347168,6.737088680267334,12.9296293258667
GFDL-ESM4,2060,2064,8.591153144836426,6.642897129058838,13.0482177734375
GFDL-ESM4,2065,2069,8.17758560180664,6.390685558319092,12.302989959716797
GFDL-ESM4,2070,2074,8.380638122558594,6.656303405761719,12.379883766174316
GFDL-ESM4,2075,2079,8.461455345153809,6.691869735717773,12.52252197265625
GFDL-ESM4,2080,2084,8.500380516052246,6.665670871734619,12.719864845275879
GFDL-ESM4,2085,2089,8.346705436706543,6.5054450035095215,12.551365852355957
GFDL-ESM4,2090,2094,8.624114036560059,6.739573955535889,13.007096290588379
GFDL-ESM4,2095,2099,9.341086387634277,7.274921417236328,14.054368019104004
HadGEM3-GC31-LL,1990,1994,6.693603038787842,5.978837966918945,8.914044380187988
HadGEM3-GC31-LL,1995,1999,7.390662670135498,6.630326271057129,9.856084823608398
HadGEM3-GC31-LL,2000,2004,7.468039035797119,6.674434185028076,10.019034385681152
HadGEM3-GC31-LL,2005,2009,7.133583068847656,6.36302375793457,9.488402366638184
HadGEM3-GC31-LL,2010,2014,7.531923294067383,6.74009895324707,9.98358154296875
HadGEM3-GC31-LL,2015,2019,7.565830707550049,6.734678745269775,10.1810884475708
HadGEM3-GC31-LL,2020,2024,8.150168418884277,7.369894981384277,10.737197875976562
HadGEM3-GC31-LL,2025,2029,8.35882568359375,7.5492377281188965,10.95265007019043
HadGEM3-GC31-LL,2030,2034,8.651814460754395,7.845448017120361,11.292876243591309
HadGEM3-GC31-LL,2035,2039,8.428359985351562,7.633133411407471,11.00609016418457
HadGEM3-GC31-LL,2040,2044,7.922687530517578,7.091200828552246,10.403009414672852
HadGEM3-GC31-LL,2045,2049,9.062538146972656,8.235026359558105,11.636863708496094
HadGEM3-GC31-LL,2050,2054,8.852578163146973,8.024209976196289,11.494283676147461
HadGEM3-GC31-LL,2055,2059,9.299650192260742,8.479087829589844,11.897650718688965
HadGEM3-GC31-LL,2060,2064,9.545647621154785,8.659178733825684,12.338334083557129
HadGEM3-GC31-LL,2065,2069,9.749653816223145,8.84109115600586,12.583528518676758
HadGEM3-GC31-LL,2070,2074,9.986017227172852,9.048376083374023,12.946666717529297
HadGEM3-GC31-LL,2075,2079,10.160937309265137,9.240326881408691,13.028740882873535
HadGEM3-GC31-LL,2080,2084,10.503682136535645,9.585022926330566,13.365062713623047
HadGEM3-GC31-LL,2085,2089,10.619991302490234,9.723148345947266,13.284573554992676
HadGEM3-GC31-LL,2090,2094,10.965269088745117,10.120784759521484,13.615234375
HadGEM3-GC31-LL,2095,2099,11.55679988861084,10.58903980255127,14.574519157409668
INM-CM4-8,1990,1994,11.783232688903809,10.001465797424316,16.289546966552734
INM-CM4-8,1995,1999,12.095138549804688,10.149225234985352,16.94260597229004
INM-CM4-8,2000,2004,13.0145845413208,11.06191635131836,17.93984031677246
INM-CM4-8,2005,2009,11.913509368896484,9.982648849487305,16.767868041992188
INM-CM4-8,2010,2014,12.374045372009277,10.562145233154297,17.021896362304688
INM-CM4-8,2015,2019,12.792561531066895,10.95176887512207,17.456989288330078
INM-CM4-8,2020,2024,12.391035079956055,10.490185737609863,17.232574462890625
INM-CM4-8,2025,2029,13.418608665466309,11.5266695022583,18.178218841552734
INM-CM4-8,2030,2034,13.25799560546875,11.316807746887207,18.137523651123047
INM-CM4-8,2035,2039,12.67275619506836,10.701652526855469,17.601219177246094
INM-CM4-8,2040,2044,13.601581573486328,11.493016242980957,18.921939849853516
INM-CM4-8,2045,2049,13.294219017028809,11.211448669433594,18.60253143310547
INM-CM4-8,2050,2054,14.333949089050293,12.295660018920898,19.510746002197266
INM-CM4-8,2055,2059,14.162659645080566,12.011512756347656,19.603116989135742
INM-CM4-8,2060,2064,15.000985145568848,12.872498512268066,20.379058837890625
INM-CM4-8,2065,2069,14.551005363464355,12.257461547851562,20.27701187133789
INM-CM4-8,2070,2074,15.458403587341309,13.283199310302734,21.02463150024414
INM-CM4-8,2075,2079,15.589927673339844,13.321029663085938,21.282175064086914
INM-CM4-8,2080,2084,15.809887886047363,13.478103637695312,21.681625366210938
INM-CM4-8,2085,2089,16.182281494140625,13.790206909179688,22.17789077758789
INM-CM4-8,2090,2094,16.58531951904297,14.156970024108887,22.723608016967773
INM-CM4-8,2095,2099,15.921929359436035,13.566695213317871,21.810977935791016
INM-CM5-0,1990,1994,10.27108383178711,8.638179779052734,14.245038032531738
INM-CM5-0,1995,1999,11.275094985961914,9.60329532623291,15.4529390335083
INM-CM5-0,2000,2004,10.685437202453613,9.112980842590332,14.599854469299316
INM-CM5-0,2005,2009,10.980367660522461,9.231800079345703,15.323111534118652
INM-CM5-0,2010,2014,11.140341758728027,9.47908878326416,15.288925170898438
INM-CM5-0,2015,2019,11.498136520385742,9.801372528076172,15.781600952148438
INM-CM5-0,2020,2024,11.323312759399414,9.520816802978516,15.83106517791748
INM-CM5-0,2025,2029,12.046517372131348,10.353676795959473,16.321687698364258
INM-CM5-0,2030,2034,12.57345962524414,10.793970108032227,17.012117385864258
INM-CM5-0,2035,2039,12.724798202514648,10.875744819641113,17.38834571838379
INM-CM5-0,2040,2044,12.777263641357422,10.797643661499023,17.70330238342285
INM-CM5-0,2045,2049,12.592766761779785,10.61788272857666,17.48952865600586
INM-CM5-0,2050,2054,12.355331420898438,10.48837661743164,16.974506378173828
INM-CM5-0,2055,2059,13.157875061035156,11.123558044433594,18.16365623474121
INM-CM5-0,2060,2064,13.904964447021484,11.912744522094727,18.85118293762207
INM-CM5-0,2065,2069,13.915472984313965,11.951355934143066,18.8338680267334
INM-CM5-0,2070,2074,13.487070083618164,11.450061798095703,18.48129653930664
INM-CM5-0,2075,2079,14.569433212280273,12.425934791564941,19.96698570251465
INM-CM5-0,2080,2084,13.657294273376465,11.606095314025879,18.778913497924805
INM-CM5-0,2085,2089,13.892492294311523,11.700510025024414,19.272920608520508
INM-CM5-0,2090,2094,14.03858757019043,12.02534008026123,19.01365089416504
INM-CM5-0,2095,2099,15.148515701293945,13.013203620910645,20.591276168823242
IPSL-CM6A-LR,1990,1994,6.699067115783691,5.832634925842285,9.363997459411621
IPSL-CM6A-LR,1995,1999,6.620903015136719,5.692996501922607,9.537030220031738
IPSL-CM6A-LR,2000,2004,6.608055114746094,5.633371829986572,9.570928573608398
IPSL-CM6A-LR,2005,2009,6.693741321563721,5.736767292022705,9.66918659210205
IPSL-CM6A-LR,2010,2014,6.987582683563232,6.068619728088379,9.902871131896973
IPSL-CM6A-LR,2015,2019,6.987970352172852,6.023380279541016,9.984101295471191
IPSL-CM6A-LR,2020,2024,7.037040710449219,6.065256595611572,10.053689956665039
IPSL-CM6A-LR,2025,2029,6.906213760375977,5.945199012756348,9.849218368530273
IPSL-CM6A-LR,2030,2034,7.289312362670898,6.285984039306641,10.526419639587402
IPSL-CM6A-LR,2035,2039,7.263769626617432,6.274376392364502,10.3984956741333
IPSL-CM6A-LR,2040,2044,7.556223392486572,6.5456037521362305,10.823393821716309
IPSL-CM6A-LR,2045,2049,7.943182468414307,6.971893310546875,11.148215293884277
IPSL-CM6A-LR,2050,2054,8.320465087890625,7.2391581535339355,11.823296546936035
IPSL-CM6A-LR,2055,2059,8.13534164428711,7.072157382965088,11.533629417419434
IPSL-CM6A-LR,2060,2064,9.1537446975708,8.09616470336914,12.751760482788086
IPSL-CM6A-LR,2065,2069,8.335679054260254,7.349221706390381,11.594223976135254
IPSL-CM6A-LR,2070,2074,9.608141899108887,8.535858154296875,13.237797737121582
IPSL-CM6A-LR,2075,2079,9.782920837402344,8.682127952575684,13.578643798828125
IPSL-CM6A-LR,2080,2084,9.974359512329102,8.864501953125,13.748322486877441
IPSL-CM6A-LR,2085,2089,9.545223236083984,8.45293140411377,13.212871551513672
IPSL-CM6A-LR,2090,2094,11.103266716003418,9.907224655151367,15.203554153442383
IPSL-CM6A-LR,2095,2099,10.753829002380371,9.60598087310791,14.652948379516602
MIROC6,1990,1994,12.807652473449707,9.583999633789062,19.203651428222656
MIROC6,1995,1999,13.98433780670166,10.959153175354004,20.318527221679688
MIROC6,2000,2004,13.343694686889648,10.162254333496094,19.626195907592773
MIROC6,2005,2009,14.217550277709961,10.867109298706055,21.05063819885254
MIROC6,2010,2014,14.423843383789062,11.107552528381348,21.401159286499023
MIROC6,2015,2019,15.762288093566895,12.65748119354248,22.54766082763672
MIROC6,2020,2024,14.971713066101074,11.33979320526123,22.542495727539062
MIROC6,2025,2029,14.65244197845459,11.147067070007324,21.8496150970459
MIROC6,2030,2034,16.220455169677734,12.783064842224121,23.631649017333984
MIROC6,2035,2039,15.848597526550293,12.441709518432617,23.263139724731445
MIROC6,2040,2044,15.91471004486084,12.526603698730469,23.23072052001953
MIROC6,2045,2049,16.389070510864258,12.930594444274902,23.73141098022461
MIROC6,2050,2054,17.134750366210938,13.415349960327148,25.220212936401367
MIROC6,2055,2059,16.695735931396484,13.173933029174805,24.11526870727539
MIROC6,2060,2064,17.722929000854492,14.180986404418945,25.590503692626953
MIROC6,2065,2069,18.11902618408203,14.594788551330566,25.981536865234375
MIROC6,2070,2074,17.546531677246094,13.806680679321289,25.77039909362793
MIROC6,2075,2079,18.43663215637207,14.420243263244629,27.153858184814453
MIROC6,2080,2084,18.160207748413086,14.121018409729004,26.806188583374023
MIROC6,2085,2089,17.791746139526367,13.501331329345703,26.914522171020508
MIROC6,2090,2094,19.399389266967773,15.03821086883545,28.770095825195312
MIROC6,2095,2099,20.678831100463867,16.562593460083008,29.707687377929688
MPI-ESM1-2-HR,1990,1994,1.9818577766418457,1.8726814985275269,2.06976056098938
MPI-ESM1-2-HR,1995,1999,2.0235695838928223,1.8455315828323364,2.2457213401794434
MPI-ESM1-2-HR,2000,2004,2.083014726638794,1.9779236316680908,2.1507585048675537
MPI-ESM1-2-HR,2005,2009,2.0475215911865234,1.969460129737854,2.070695161819458
MPI-ESM1-2-HR,2010,2014,1.9257965087890625,1.8119696378707886,2.047952651977539
MPI-ESM1-2-HR,2015,2019,2.127833127975464,2.001598358154297,2.2374625205993652
MPI-ESM1-2-HR,2020,2024,2.2701168060302734,2.164829730987549,2.351865291595459
MPI-ESM1-2-HR,2025,2029,2.104692220687866,1.945412278175354,2.2887425422668457
MPI-ESM1-2-HR,2030,2034,2.0101301670074463,1.8604257106781006,2.1699955463409424
MPI-ESM1-2-HR,2035,2039,2.186814546585083,2.1212189197540283,2.207697629928589
MPI-ESM1-2-HR,2040,2044,2.282047986984253,2.1344099044799805,2.4152369499206543
MPI-ESM1-2-HR,2045,2049,2.1561436653137207,2.022909164428711,2.2629358768463135
MPI-ESM1-2-HR,2050,2054,2.300431728363037,2.1385388374328613,2.478727340698242
MPI-ESM1-2-HR,2055,2059,2.475775718688965,2.346919059753418,2.5857491493225098
MPI-ESM1-2-HR,2060,2064,2.6839258670806885,2.5015289783477783,2.8785083293914795
MPI-ESM1-2-HR,2065,2069,2.712128162384033,2.536207675933838,2.878288507461548
MPI-ESM1-2-HR,2070,2074,2.845427989959717,2.6089978218078613,3.124607563018799
MPI-ESM1-2-HR,2075,2079,2.7569704055786133,2.563612699508667,2.943983793258667
MPI-ESM1-2-HR,2080,2084,3.5152082443237305,3.2817764282226562,3.787925958633423
MPI-ESM1-2-HR,2085,2089,3.6387851238250732,3.21758770942688,4.211632251739502
MPI-ESM1-2-HR,2090,2094,3.6886894702911377,3.3396308422088623,4.115439414978027
MPI-ESM1-2-HR,2095,2099,3.7488718032836914,3.4112021923065186,4.160435676574707
MPI-ESM1-2-LR,1990,1994,1.3601710796356201,1.2432761192321777,1.3882391452789307
MPI-ESM1-2-LR,1995,1999,1.5170369148254395,1.344859004020691,1.586011290550232
MPI-ESM1-2-LR,2000,2004,1.4952691793441772,1.2960413694381714,1.6104079484939575
MPI-ESM1-2-LR,2005,2009,1.680996298789978,1.401977777481079,1.8719971179962158
MPI-ESM1-2-LR,2010,2014,1.5528415441513062,1.4333696365356445,1.5489044189453125
MPI-ESM1-2-LR,2015,2019,1.6966904401779175,1.4739806652069092,1.8076658248901367
MPI-ESM1-2-LR,2020,2024,1.6871886253356934,1.4849424362182617,1.7833796739578247
MPI-ESM1-2-LR,2025,2029,1.8286532163619995,1.655278205871582,1.8623950481414795
MPI-ESM1-2-LR,2030,2034,1.8787846565246582,1.5739269256591797,2.0815842151641846
MPI-ESM1-2-LR,2035,2039,1.731382131576538,1.4921921491622925,1.8628700971603394
MPI-ESM1-2-LR,2040,2044,1.6606059074401855,1.441515326499939,1.7708758115768433
MPI-ESM1-2-LR,2045,2049,1.9282796382904053,1.614453911781311,2.135385274887085
MPI-ESM1-2-LR,2050,2054,1.8271797895431519,1.6580309867858887,1.8603581190109253
MPI-ESM1-2-LR,2055,2059,2.151050329208374,1.8046188354492188,2.3544416427612305
MPI-ESM1-2-LR,2060,2064,2.1518712043762207,1.8806266784667969,2.276674509048462
MPI-ESM1-2-LR,2065,2069,2.069868803024292,1.742268681526184,2.26200270652771
MPI-ESM1-2-LR,2070,2074,2.5396766662597656,2.0487747192382812,2.925037145614624
MPI-ESM1-2-LR,2075,2079,2.12455153465271,1.732653260231018,2.4012374877929688
MPI-ESM1-2-LR,2080,2084,2.4044270515441895,1.9387370347976685,2.7389214038848877
MPI-ESM1-2-LR,2085,2089,2.908416986465454,2.4299135208129883,3.244452714920044
MPI-ESM1-2-LR,2090,2094,2.6600441932678223,2.169665813446045,3.0056838989257812
MPI-ESM1-2-LR,2095,2099,2.842921733856201,2.3696582317352295,3.142796516418457
MRI-ESM2-0,1990,1994,7.214451789855957,5.5578484535217285,11.175603866577148
MRI-ESM2-0,1995,1999,7.770899772644043,6.201119899749756,11.574729919433594
MRI-ESM2-0,2000,2004,8.364503860473633,6.563392162322998,12.73631477355957
MRI-ESM2-0,2005,2009,7.228978633880615,5.657477855682373,11.016655921936035
MRI-ESM2-0,2010,2014,8.403104782104492,6.5652055740356445,12.896933555603027
MRI-ESM2-0,2015,2019,8.027068138122559,6.292181015014648,12.191293716430664
MRI-ESM2-0,2020,2024,8.543331146240234,6.672804355621338,13.026758193969727
MRI-ESM2-0,2025,2029,8.473508834838867,6.672430992126465,12.86239242553711
MRI-ESM2-0,2030,2034,8.809687614440918,6.921587944030762,13.351043701171875
MRI-ESM2-0,2035,2039,8.640461921691895,6.771162986755371,13.142016410827637
MRI-ESM2-0,2040,2044,9.081668853759766,7.253291606903076,13.529176712036133
MRI-ESM2-0,2045,2049,8.720561981201172,6.849053859710693,13.277227401733398
MRI-ESM2-0,2050,2054,9.543994903564453,7.33814811706543,14.912459373474121
MRI-ESM2-0,2055,2059,9.257857322692871,7.257363319396973,14.108314514160156
MRI-ESM2-0,2060,2064,9.731466293334961,7.734233856201172,14.621249198913574
MRI-ESM2-0,2065,2069,9.62138557434082,7.5473456382751465,14.67994213104248
MRI-ESM2-0,2070,2074,9.066204071044922,7.073704242706299,13.887787818908691
MRI-ESM2-0,2075,2079,9.702552795410156,7.559881687164307,14.85184383392334
MRI-ESM2-0,2080,2084,10.139655113220215,7.881940841674805,15.557568550109863
MRI-ESM2-0,2085,2089,11.058714866638184,8.920268058776855,16.260753631591797
MRI-ESM2-0,2090,2094,10.38726806640625,8.139002799987793,15.848350524902344
MRI-ESM2-0,2095,2099,10.656679153442383,8.429313659667969,16.070571899414062
UKESM1-0-LL,1990,1994,6.755146026611328,5.873080253601074,9.422743797302246
UKESM1-0-LL,1995,1999,6.839762210845947,5.969202518463135,9.46854019165039
UKESM1-0-LL,2000,2004,6.87715482711792,6.02354621887207,9.443460464477539
UKESM1-0-LL,2005,2009,7.1873064041137695,6.403757095336914,9.59419059753418
UKESM1-0-LL,2010,2014,7.165224075317383,6.263154983520508,9.852300643920898
UKESM1-0-LL,2015,2019,6.97753381729126,6.0262532234191895,9.750456809997559
UKESM1-0-LL,2020,2024,7.558478355407715,6.678900241851807,10.179738998413086
UKESM1-0-LL,2025,2029,7.7055253982543945,6.74635124206543,10.546142578125
UKESM1-0-LL,2030,2034,7.843504428863525,6.883319854736328,10.681473731994629
UKESM1-0-LL,2035,2039,8.304926872253418,7.361774444580078,11.151853561401367
UKESM1-0-LL,2040,2044,8.12016487121582,7.159295082092285,10.973344802856445
UKESM1-0-LL,2045,2049,8.587381362915039,7.616223335266113,11.50757122039795
UKESM1-0-LL,2050,2054,8.91524887084961,7.985687732696533,11.70506477355957
UKESM1-0-LL,2055,2059,9.169816017150879,8.19664478302002,12.062078475952148
UKESM1-0-LL,2060,2064,9.465677261352539,8.47245979309082,12.403107643127441
UKESM1-0-LL,2065,2069,9.520995140075684,8.63061237335205,12.194021224975586
UKESM1-0-LL,2070,2074,9.127738952636719,8.210205078125,11.72808837890625
UKESM1-0-LL,2075,2079,9.993653297424316,8.871316909790039,13.289775848388672
UKESM1-0-LL,2080,2084,9.920085906982422,8.925642013549805,12.807493209838867
UKESM1-0-LL,2085,2089,10.532781600952148,9.60013198852539,13.340205192565918
UKESM1-0-LL,2090,2094,11.25219440460205,10.167065620422363,14.522259712219238
UKESM1-0-LL,2095,2099,11.043073654174805,10.018403053283691,14.00141716003418
Ensemble_Mean,1990,1994,7.768949404358864,6.446879826486111,10.800694733858109
Ensemble_Mean,1995,1999,8.225981622934341,6.854626715183258,11.425633244216442
Ensemble_Mean,2000,2004,8.345617212355137,6.932286150753498,11.602041594684124
Ensemble_Mean,2005,2009,8.25463729351759,6.866380535066128,11.446041971445084
Ensemble_Mean,2010,2014,8.538065068423748,7.120764277875423,11.841845095157623
Ensemble_Mean,2015,2019,8.64056072384119,7.219813212752342,11.959165841341019
Ensemble_Mean,2020,2024,8.72669991850853,7.253209829330444,12.153294898569584
Ensemble_Mean,2025,2029,8.922955967485905,7.464053638279438,12.31222428381443
Ensemble_Mean,2030,2034,9.20449735224247,7.707547560334206,12.69635996222496
Ensemble_Mean,2035,2039,9.256662845611572,7.747899152338505,12.788643635809422
Ensemble_Mean,2040,2044,9.479462072253227,7.94453015178442,13.063285075128078
Ensemble_Mean,2045,2049,9.669923797249794,8.112003035843372,13.314643740653992
Ensemble_Mean,2050,2054,9.895367167890072,8.293926507234573,13.637926273047924
Ensemble_Mean,2055,2059,10.107650622725487,8.495202660560608,13.836742550134659
Ensemble_Mean,2060,2064,10.47104798257351,8.8520637601614,14.26130497455597
Ensemble_Mean,2065,2069,10.509922459721565,8.875326938927174,14.332123816013336
Ensemble_Mean,2070,2074,10.638613194227219,8.960982918739319,14.53186859190464
Ensemble_Mean,2075,2079,11.05015455186367,9.295516841113567,15.156072244048119
Ensemble_Mean,2080,2084,11.202886432409286,9.44426778703928,15.287276238203049
Ensemble_Mean,2085,2089,11.366273701190948,9.556203231215477,15.5357116907835
Ensemble_Mean,2090,2094,11.725132033228874,9.907583996653557,15.97108644247055
Ensemble_Mean,2095,2099,11.95550200343132,10.119249075651169,16.22599232196808
